"gene","bulk_logFC","bulk_adjP","module","direction","kME","validation_logFC","direction_concordant","pb_dominant_celltype","pb_log2FC","pb_p","pb_class","composition_adj_class","validation_logFC_full","cross_cohort_concordant","ev_bulk_sig","ev_cross_conc","ev_hub","ev_pb_intrinsic","ev_adj_retain","evidence_layer_count"
"ATF7IP2",2.0202601556222,3.6663604712091e-14,"turquoise","up",0.832601556794373,1.90816216666667,TRUE,"Myeloid",0.783083722897194,0.00259139928626532,"both","retained",1.90816216666667,TRUE,TRUE,TRUE,TRUE,TRUE,TRUE,5
"PRRX1",-3.02065103459599,3.67098947497177e-14,"yellow","down",0.898201475047252,-3.06850624074074,TRUE,"Fibroblast",-2.08493128295668,1.48246223353783e-05,"both","retained",-3.06850624074074,TRUE,TRUE,TRUE,TRUE,TRUE,TRUE,5
"PLA2G2A",-2.75044678238088,7.37828481612949e-13,"yellow","down",0.846656882176507,-1.18038741666667,TRUE,"Fibroblast",-0.727454470557404,1.98337682623839e-06,"both","retained",-1.18038741666667,TRUE,TRUE,TRUE,TRUE,TRUE,TRUE,5
"PAK3",-2.11744213773169,1.40080522026195e-11,"yellow","down",0.898148165588459,-4.53025933333333,TRUE,"Fibroblast",-2.52101187934565,0.000774935409193424,"both","retained",-4.53025933333333,TRUE,TRUE,TRUE,TRUE,TRUE,TRUE,5
"MFSD11",1.16849534049036,3.46713102061669e-11,"turquoise","up",0.900127716117484,0.421106675925926,TRUE,"Myeloid",8.15032048839475e-06,0.0403911368736371,"both","retained",0.421106675925926,TRUE,TRUE,TRUE,TRUE,TRUE,TRUE,5
"FABP4",-3.92368937910717,8.13447404227783e-11,"yellow","down",0.882669649130973,-6.69622660185185,TRUE,"Endothelial",-1.33065091156793e-06,0.0187817704324611,"both","retained",-6.69622660185185,TRUE,TRUE,TRUE,TRUE,TRUE,TRUE,5
"FBLN1",-2.17751430224903,8.75352537781351e-11,"yellow","down",0.911138238240495,-2.24418005555555,TRUE,"Fibroblast",-3.07429333330082,0.0066300966118776,"both","retained",-2.24418005555555,TRUE,TRUE,TRUE,TRUE,TRUE,TRUE,5
"FRMD4A",1.31134645728836,2.23203617420076e-10,"turquoise","up",0.837083948324733,1.96259197222222,TRUE,"Myeloid",5.17834976818283e-06,0.0157238840787033,"both","retained",1.96259197222222,TRUE,TRUE,TRUE,TRUE,TRUE,TRUE,5
"FIBIN",-2.03742797157209,4.61074608648906e-10,"yellow","down",0.893274649908553,-4.10552119444445,TRUE,"Fibroblast",-2.16404259698404,0.00130774208624048,"both","retained",-4.10552119444444,TRUE,TRUE,TRUE,TRUE,TRUE,TRUE,5
"WIPI1",1.46265592002236,1.17889672843627e-09,"turquoise","up",0.86393044979846,1.81756481481481,TRUE,"Schwann/tumour",0.639359034651465,0.004534906108584,"both","retained",1.81756481481481,TRUE,TRUE,TRUE,TRUE,TRUE,TRUE,5
"ANGPT1",-1.80783951236546,1.60610931930996e-09,"yellow","down",0.842460697430176,-3.54108008333333,TRUE,"Pericyte",-0.744018101229349,0.0275034331232771,"both","retained",-3.54108008333333,TRUE,TRUE,TRUE,TRUE,TRUE,TRUE,5
"MID1",1.85780204931535,2.57082820493483e-09,"turquoise","up",0.850696429138463,2.77630569444444,TRUE,"Schwann/tumour",2.2311907297856e-06,0.0323711217964104,"both","retained",2.77630569444444,TRUE,TRUE,TRUE,TRUE,TRUE,TRUE,5
"MFAP5",-3.22974550088049,4.56175743003848e-09,"yellow","down",0.88192310718836,-9.09594585185185,TRUE,"Fibroblast",-5.62526824853642,4.26888865393061e-10,"both","retained",-9.09594585185185,TRUE,TRUE,TRUE,TRUE,TRUE,TRUE,5
"SLC22A3",-2.40984635234079,4.77872178005694e-09,"yellow","down",0.817369389164362,-7.74590768518519,TRUE,"Pericyte",-1.33246304115074,0.0008583278326948,"both","retained",-7.74590768518519,TRUE,TRUE,TRUE,TRUE,TRUE,TRUE,5
"SELENBP1",-1.123085327936,1.67257667423107e-08,"yellow","down",0.867531468817887,-1.18334766666667,TRUE,"Fibroblast",-1.92237799893594,0.00295923806491152,"both","retained",-1.18334766666667,TRUE,TRUE,TRUE,TRUE,TRUE,TRUE,5
"ABCC9",-1.9770294602074,2.40704549008579e-08,"yellow","down",0.872888436849141,-4.16875370370371,TRUE,"Fibroblast",-4.04955660108695,2.62773069588127e-09,"both","retained",-4.1687537037037,TRUE,TRUE,TRUE,TRUE,TRUE,TRUE,5
"TSHZ2",-1.73826785362374,9.71092180294727e-08,"yellow","down",0.864111434050807,-2.68069794444444,TRUE,"Endothelial",-1.38836336603576,6.34106439402785e-05,"both","retained",-2.68069794444444,TRUE,TRUE,TRUE,TRUE,TRUE,TRUE,5
"PDGFRL",-2.21298090480108,3.05272724558334e-07,"yellow","down",0.91238703751346,-3.8714382962963,TRUE,"Fibroblast",-2.81240859591329,5.14144285255754e-05,"both","retained",-3.8714382962963,TRUE,TRUE,TRUE,TRUE,TRUE,TRUE,5
"PCID2",1.31748298700694,6.87268630457818e-07,"turquoise","up",0.854666821191372,1.12981092592593,TRUE,"Schwann/tumour",5.68111989626753e-06,0.0107221692063004,"both","retained",1.12981092592593,TRUE,TRUE,TRUE,TRUE,TRUE,TRUE,5
"L1CAM",3.98507776602698,1.57313835815415e-16,NA,NA,NA,NA,NA,"Schwann/tumour",1.85919486156592,5.80025443838236e-07,"both","retained",3.62746817592592,TRUE,TRUE,TRUE,FALSE,TRUE,TRUE,4
"NRG1",2.24649898812876,1.57313835815415e-16,NA,NA,NA,NA,NA,"Schwann/tumour",2.18303467228909,0.000668129950630623,"both","retained",2.88123505555555,TRUE,TRUE,TRUE,FALSE,TRUE,TRUE,4
"NCAM2",2.76006595202236,1.81286785251534e-14,"turquoise","up",0.861417883790959,2.56578251851852,TRUE,"Schwann/tumour",1.79581367643007,0.000492367854634153,"both","attenuated",2.56578251851852,TRUE,TRUE,TRUE,TRUE,TRUE,FALSE,4
"EHBP1",2.05839585952969,3.59580682001826e-14,"turquoise","up",0.8518632278699,1.06972,TRUE,"Schwann/tumour",5.63684710229976e-06,0.0544107012296419,"composition-consistent","retained",1.06972,TRUE,TRUE,TRUE,TRUE,FALSE,TRUE,4
"FCGBP",3.14337433953817,3.59580682001826e-14,NA,NA,NA,NA,NA,"Myeloid",3.56883114249815,6.55205137960943e-08,"both","retained",3.39136336111111,TRUE,TRUE,TRUE,FALSE,TRUE,TRUE,4
"HRH1",-1.59148918529607,4.8042013988888e-14,NA,NA,NA,NA,NA,"Fibroblast",-2.0741653629124,0.0034116245751608,"both","retained",-1.03829625,TRUE,TRUE,TRUE,FALSE,TRUE,TRUE,4
"RASSF4",2.73019276535235,1.82112704304946e-13,"turquoise","up",0.859537799147317,2.33120337962963,TRUE,"Myeloid",0.923023135671559,2.89060990817679e-06,"both","attenuated",2.33120337962963,TRUE,TRUE,TRUE,TRUE,TRUE,FALSE,4
"AR",-1.08179048347648,2.12117999861711e-13,NA,NA,NA,NA,NA,"Fibroblast",-2.71633916527771,0.00048073753775271,"both","retained",-1.19646671296296,TRUE,TRUE,TRUE,FALSE,TRUE,TRUE,4
"ARHGEF26",2.69407597807171,9.19007482864573e-13,"turquoise","up",0.866906134513132,1.75749662037037,TRUE,"Schwann/tumour",2.8877551238567e-06,0.0176195534714828,"both","attenuated",1.75749662037037,TRUE,TRUE,TRUE,TRUE,TRUE,FALSE,4
"ASS1",-1.84372547330069,1.47534476019892e-12,"yellow","down",0.820987693066929,-1.41350241666667,TRUE,"Endothelial",-3.2472154105853e-08,0.968374258940989,"composition-consistent","retained",-1.41350241666667,TRUE,TRUE,TRUE,TRUE,FALSE,TRUE,4
"JAKMIP2",2.31392950279414,3.07199008564845e-12,"turquoise","up",0.903548106779571,2.7009737037037,TRUE,"Schwann/tumour",0.990503397920201,0.00195079514151303,"both","attenuated",2.7009737037037,TRUE,TRUE,TRUE,TRUE,TRUE,FALSE,4
"LOC653653",2.51315545809792,3.82170288635214e-12,"turquoise","up",0.85490456918208,1.40800423148148,TRUE,NA,NA,NA,"ambiguous/undetermined","retained",1.40800423148148,TRUE,TRUE,TRUE,TRUE,FALSE,TRUE,4
"CLMP",-1.89879292869622,7.28035245035821e-12,"yellow","down",0.862652421906341,-2.92954438888889,TRUE,"Fibroblast",-0.0785042321962946,0.731306448868617,"composition-consistent","retained",-2.92954438888889,TRUE,TRUE,TRUE,TRUE,FALSE,TRUE,4
"ZNF347",2.20932388272167,2.04660802257462e-11,"turquoise","up",0.852077471164079,1.92538538888889,TRUE,"Endothelial",-1.5289172825605e-06,0.468039655329138,"ambiguous/undetermined","retained",1.92538538888889,TRUE,TRUE,TRUE,TRUE,FALSE,TRUE,4
"LGALS3BP",1.70577841284118,2.62211759619229e-11,"turquoise","up",0.873896296721322,1.97741875925926,TRUE,"Schwann/tumour",1.1763713508054,0.000269860479367082,"both","attenuated",1.97741875925926,TRUE,TRUE,TRUE,TRUE,TRUE,FALSE,4
"NRCAM",2.4107897716569,3.67876216678947e-11,"turquoise","up",0.83477095793993,2.22479774074074,TRUE,"Schwann/tumour",2.73342126986401e-06,0.00262887916612793,"both","attenuated",2.22479774074074,TRUE,TRUE,TRUE,TRUE,TRUE,FALSE,4
"ARSK",1.57354672762375,4.5237943059494e-11,"turquoise","up",0.820211111279771,0.598961148148149,TRUE,"Schwann/tumour",1.97723492322489e-06,0.232057762692953,"composition-consistent","retained",0.598961148148149,TRUE,TRUE,TRUE,TRUE,FALSE,TRUE,4
"ST3GAL6",1.81691024336315,8.46063924248552e-11,"turquoise","up",0.815023117677716,1.47223887037037,TRUE,"Myeloid",1.23359922623147,1.01463377366489e-05,"both","attenuated",1.47223887037037,TRUE,TRUE,TRUE,TRUE,TRUE,FALSE,4
"SEMA7A",1.91564438326138,9.78532814152918e-11,"turquoise","up",0.864227527086674,2.83697056481481,TRUE,"Schwann/tumour",2.21072790716753e-06,0.0360229569582346,"both","attenuated",2.83697056481481,TRUE,TRUE,TRUE,TRUE,TRUE,FALSE,4
"STARD13",1.66371633774325,1.96008117772742e-10,"turquoise","up",0.878786796927111,1.49440588888889,TRUE,"Schwann/tumour",1.86124472227713,0.000111071771745229,"both","attenuated",1.49440588888889,TRUE,TRUE,TRUE,TRUE,TRUE,FALSE,4
"THSD4",-1.43134023828064,2.13018078094798e-10,"yellow","down",0.81298538895924,-0.888559990740742,TRUE,"Fibroblast",-0.280541803067786,0.36351385376826,"composition-consistent","retained",-0.888559990740742,TRUE,TRUE,TRUE,TRUE,FALSE,TRUE,4
"NCAM1",2.29990070972244,2.40278427652056e-10,"turquoise","up",0.88493449589972,2.49226433333333,TRUE,"Schwann/tumour",3.84103855238641e-06,0.00897258788022711,"both","attenuated",2.49226433333333,TRUE,TRUE,TRUE,TRUE,TRUE,FALSE,4
"ZFPM2",-1.33274685053431,2.81780232150857e-10,"yellow","down",0.874440566957095,-1.39612772222222,TRUE,"Fibroblast",-0.178858887126223,0.528853942288666,"composition-consistent","retained",-1.39612772222222,TRUE,TRUE,TRUE,TRUE,FALSE,TRUE,4
"SAMD9L",1.75634801644025,3.4024999541139e-10,"turquoise","up",0.819406169797533,1.63699546296296,TRUE,"T cell",1.09501496224523,0.000438044446093823,"both","attenuated",1.63699546296296,TRUE,TRUE,TRUE,TRUE,TRUE,FALSE,4
"HTATIP2",1.33470462238705,4.1131493472453e-10,"turquoise","up",0.829833998140996,0.579781175925925,TRUE,"Myeloid",0.761570222317728,0.00244116513257584,"both","attenuated",0.579781175925925,TRUE,TRUE,TRUE,TRUE,TRUE,FALSE,4
"SHOX2",-1.10306572683269,4.61074608648906e-10,NA,NA,NA,NA,NA,"Fibroblast",-7.30664087821464,1.05933589276602e-24,"both","retained",-1.62829890740741,TRUE,TRUE,TRUE,FALSE,TRUE,TRUE,4
"TMOD2",2.47403164725444,4.7184090872231e-10,"turquoise","up",0.838337027321038,0.839042592592596,TRUE,"Schwann/tumour",5.44033852447911e-06,0.0183666616215898,"both","attenuated",0.839042592592596,TRUE,TRUE,TRUE,TRUE,TRUE,FALSE,4
"SOX2",2.84800859849422,5.95867731142449e-10,"turquoise","up",0.821137449697428,0.625017129629628,TRUE,"Schwann/tumour",5.86191804399803e-06,0.0345262614385702,"both","attenuated",0.625017129629628,TRUE,TRUE,TRUE,TRUE,TRUE,FALSE,4
"EGFR",-2.06827535855359,6.58233965429297e-10,"yellow","down",0.846813793457312,-3.59773544444444,TRUE,"Fibroblast",-0.525177919241284,0.150274525132611,"composition-consistent","retained",-3.59773544444444,TRUE,TRUE,TRUE,TRUE,FALSE,TRUE,4
"DRAM1",1.33865914777487,8.21297806980155e-10,"turquoise","up",0.813734397784382,1.38692703703704,TRUE,"Myeloid",1.49873199306934e-06,0.256939355773546,"composition-consistent","retained",1.38692703703704,TRUE,TRUE,TRUE,TRUE,FALSE,TRUE,4
"PTGIS",-1.9471685228828,1.84725688127258e-09,"yellow","down",0.899357561225564,-2.34754467592593,TRUE,"Fibroblast",-1.33310195691228,0.0326776350565751,"both","attenuated",-2.34754467592593,TRUE,TRUE,TRUE,TRUE,TRUE,FALSE,4
"PDGFRA",-2.27180911341943,2.63365825023615e-09,"yellow","down",0.903973522308086,-4.47884922222222,TRUE,"Fibroblast",-0.185643749361663,0.489801261646188,"composition-consistent","retained",-4.47884922222222,TRUE,TRUE,TRUE,TRUE,FALSE,TRUE,4
"CDH2",2.10970376588512,3.01665164343656e-09,"turquoise","up",0.806667888520721,3.7776224537037,TRUE,"Schwann/tumour",1.58885687011829,0.00053404245290574,"both","attenuated",3.7776224537037,TRUE,TRUE,TRUE,TRUE,TRUE,FALSE,4
"UCHL1",2.03166684472244,3.76877292635154e-09,"turquoise","up",0.80832235068812,1.48669618518519,TRUE,"Schwann/tumour",3.08594468537962e-06,0.0356954593791498,"both","attenuated",1.48669618518519,TRUE,TRUE,TRUE,TRUE,TRUE,FALSE,4
"FMNL3",1.41354738222205,6.50900622438047e-09,"turquoise","up",0.903350443224343,0.923123388888889,TRUE,"Myeloid",1.26714614328406,0.000496895691054625,"both","attenuated",0.92312338888889,TRUE,TRUE,TRUE,TRUE,TRUE,FALSE,4
"NCK1",1.2940195419522,8.48977499174403e-09,"turquoise","up",0.835625556625265,0.422916787037037,TRUE,"Myeloid",1.31075983053429,1.50756237727704e-07,"both","attenuated",0.422916787037037,TRUE,TRUE,TRUE,TRUE,TRUE,FALSE,4
"TNS3",1.61054483579723,1.0024007263598e-08,"turquoise","up",0.888723413300303,0.985212740740741,TRUE,"Schwann/tumour",3.45292953378853e-06,0.0191289044410017,"both","attenuated",0.98521274074074,TRUE,TRUE,TRUE,TRUE,TRUE,FALSE,4
"ALCAM",1.60977399391288,2.40704549008579e-08,"turquoise","up",0.83314828670649,2.97924963888889,TRUE,"Schwann/tumour",1.06589903845462,0.00161753682194214,"both","attenuated",2.97924963888889,TRUE,TRUE,TRUE,TRUE,TRUE,FALSE,4
"FER",1.51023460187818,2.53375887993624e-08,"turquoise","up",0.947079859181731,0.539126574074073,TRUE,"Schwann/tumour",3.52462024642422e-06,0.0450246386001812,"both","attenuated",0.539126574074073,TRUE,TRUE,TRUE,TRUE,TRUE,FALSE,4
"ZNF334",1.00635648305937,2.53375887993624e-08,"turquoise","up",0.864830376267435,0.938937564814816,TRUE,"Schwann/tumour",3.16130329064922e-06,0.0425239337979003,"both","attenuated",0.938937564814816,TRUE,TRUE,TRUE,TRUE,TRUE,FALSE,4
"PREP",1.20447847759137,3.00350395201978e-08,"turquoise","up",0.800230660942407,1.30750802777778,TRUE,"T cell",4.09644531725632e-06,0.159901098173064,"composition-consistent","retained",1.30750802777778,TRUE,TRUE,TRUE,TRUE,FALSE,TRUE,4
"RASGRF2",-1.24940015540169,4.22981786802035e-08,"yellow","down",0.881498083724587,-3.23351415740741,TRUE,"Endothelial",1.27380778651085,2.2382727494965e-10,"composition-consistent","retained",-3.23351415740741,TRUE,TRUE,TRUE,TRUE,FALSE,TRUE,4
"APH1B",1.29160759741558,6.25141687281795e-08,"turquoise","up",0.857521148789783,0.593105212962965,TRUE,"Myeloid",1.73017114342763e-05,0.0423310392134953,"both","attenuated",0.593105212962965,TRUE,TRUE,TRUE,TRUE,TRUE,FALSE,4
"CCDC80",-2.76782815637625,7.02791372441698e-08,"yellow","down",0.85462609348193,-6.04037807407408,TRUE,"Fibroblast",-2.74412233527959,0.000124916256638341,"both","attenuated",-6.04037807407408,TRUE,TRUE,TRUE,TRUE,TRUE,FALSE,4
"KLF5",-1.0305800176384,7.09981044602574e-08,"yellow","down",0.823603673167048,-4.23481344444444,TRUE,"Fibroblast",-1.79648606383426,0.00833269050540788,"both","attenuated",-4.23481344444444,TRUE,TRUE,TRUE,TRUE,TRUE,FALSE,4
"MEOX2",-2.00651304651117,7.64316947471845e-08,"yellow","down",0.85397506352583,-5.84395157407407,TRUE,"Endothelial",-7.56637912043788,2.58657950875225e-27,"both","attenuated",-5.84395157407407,TRUE,TRUE,TRUE,TRUE,TRUE,FALSE,4
"TIGAR",1.38000323287124,8.29687782810656e-08,"turquoise","up",0.806435176359142,1.53548987037037,TRUE,"Myeloid",1.17991104678894,7.12015222293549e-06,"both","attenuated",1.53548987037037,TRUE,TRUE,TRUE,TRUE,TRUE,FALSE,4
"LRRC32",-1.35338241035852,8.34762322303556e-08,"yellow","down",0.858798627632673,-1.49864916666667,TRUE,"Endothelial",-1.55697752891645,1.97624912806396e-07,"both","attenuated",-1.49864916666667,TRUE,TRUE,TRUE,TRUE,TRUE,FALSE,4
"RAB11FIP2",1.23620662814881,9.74234302529622e-08,"turquoise","up",0.941990628615235,0.703864759259259,TRUE,"Schwann/tumour",6.0581856311449e-06,0.0341085610940379,"both","attenuated",0.703864759259259,TRUE,TRUE,TRUE,TRUE,TRUE,FALSE,4
"DPP4",-1.60830489349499,1.03844109740353e-07,"yellow","down",0.828488989167339,-2.14020757407407,TRUE,"T cell",-7.1093472239869e-06,0.00552533975471084,"cell-intrinsic (candidate)","attenuated",-2.14020757407407,TRUE,TRUE,TRUE,TRUE,TRUE,FALSE,4
"ENO2",1.02785871532922,1.22843593726368e-07,"turquoise","up",0.837476622154568,0.668961259259261,TRUE,"Schwann/tumour",2.5787139208163e-06,0.0421503006004471,"both","attenuated",0.668961259259261,TRUE,TRUE,TRUE,TRUE,TRUE,FALSE,4
"CYP4X1",-1.0821342429576,1.32855994723857e-07,"yellow","down",0.82232959431532,-4.68835244444445,TRUE,"Fibroblast",-0.575068734995159,0.111188094911853,"composition-consistent","retained",-4.68835244444445,TRUE,TRUE,TRUE,TRUE,FALSE,TRUE,4
"GHR",-1.23603556627756,1.33366685533835e-07,"yellow","down",0.858451971047151,-1.50681246296296,TRUE,"Fibroblast",-0.812182968014522,0.0743776910490456,"composition-consistent","retained",-1.50681246296296,TRUE,TRUE,TRUE,TRUE,FALSE,TRUE,4
"STEAP4",-2.09997566582961,1.44764494554271e-07,"yellow","down",0.894136786310818,-4.33237487037037,TRUE,"Pericyte",0.35890971114717,0.0847614987955672,"composition-consistent","retained",-4.33237487037037,TRUE,TRUE,TRUE,TRUE,FALSE,TRUE,4
"CDH6",1.39413428462992,1.46420750136543e-07,"turquoise","up",0.837428865083851,1.3190100462963,TRUE,"Pericyte",1.18881371998305,9.17154142881224e-05,"cell-intrinsic (candidate)","attenuated",1.3190100462963,TRUE,TRUE,TRUE,TRUE,TRUE,FALSE,4
"EBF3",-1.49727661190054,1.92132381829519e-07,"yellow","down",0.899593350740692,-3.03556712962963,TRUE,"Fibroblast",-1.73479939999858,0.0163577154207171,"both","attenuated",-3.03556712962963,TRUE,TRUE,TRUE,TRUE,TRUE,FALSE,4
"ERAP1",1.20773198487279,1.92727880981639e-07,"turquoise","up",0.908891074034542,0.59886712962963,TRUE,"T cell",3.40497193337013e-06,0.0441557236841652,"both","attenuated",0.59886712962963,TRUE,TRUE,TRUE,TRUE,TRUE,FALSE,4
"PDE1A",-1.89336858096376,1.99859484755279e-07,"yellow","down",0.891135887099603,-2.91252696296296,TRUE,"Pericyte",-0.0392588567205156,0.850433640960096,"composition-consistent","retained",-2.91252696296296,TRUE,TRUE,TRUE,TRUE,FALSE,TRUE,4
"USP9X",1.20345149508636,2.77505737692343e-07,"turquoise","up",0.951050986750101,1.53429361111111,TRUE,"Schwann/tumour",4.41981070691921e-06,0.0493569651055386,"both","attenuated",1.53429361111111,TRUE,TRUE,TRUE,TRUE,TRUE,FALSE,4
"ZNF846",1.24576974445798,2.88019486426878e-07,"turquoise","up",0.800177094958155,0.480908185185184,TRUE,"Myeloid",5.51764791684567e-06,0.00571909896355004,"both","attenuated",0.480908185185184,TRUE,TRUE,TRUE,TRUE,TRUE,FALSE,4
"INMT",-1.0382181031542,2.90515652994501e-07,"yellow","down",0.873238952598465,-1.41183452777778,TRUE,"Fibroblast",-0.376733465245866,0.241037959396168,"composition-consistent","retained",-1.41183452777778,TRUE,TRUE,TRUE,TRUE,FALSE,TRUE,4
"ACKR1",-1.17395083344101,3.13276102983376e-07,"yellow","down",0.859443824852518,-1.57742063888889,TRUE,"Endothelial",-2.35395176774582,0.000315532079725613,"both","attenuated",-1.57742063888889,TRUE,TRUE,TRUE,TRUE,TRUE,FALSE,4
"AKR1C2",-1.94915009574402,3.72718799610655e-07,"yellow","down",0.815949168224725,-3.81128667592592,TRUE,"Fibroblast",-1.33373415111416,0.032224867471238,"both","attenuated",-3.81128667592592,TRUE,TRUE,TRUE,TRUE,TRUE,FALSE,4
"INTS10",1.35256790537163,4.00462085997908e-07,"turquoise","up",0.884196907276951,0.331910592592591,TRUE,"Myeloid",5.34033273751155e-06,0.00638658063757302,"both","attenuated",0.331910592592591,TRUE,TRUE,TRUE,TRUE,TRUE,FALSE,4
"ATP6V1C1",1.28636683104241,5.07952721512708e-07,"turquoise","up",0.911118902557175,0.528616648148152,TRUE,"Myeloid",9.20157938817315e-06,0.0136770304717407,"both","attenuated",0.528616648148152,TRUE,TRUE,TRUE,TRUE,TRUE,FALSE,4
"MICA",1.31751014393755,6.40191335857951e-07,"turquoise","up",0.827323220958866,0.693857055555553,TRUE,"Endothelial",-1.64283645135909e-06,0.513695327892952,"ambiguous/undetermined","retained",0.693857055555553,TRUE,TRUE,TRUE,TRUE,FALSE,TRUE,4
"THBS4",-1.85093223032382,9.12731561317242e-07,"yellow","down",0.838944552162893,-5.28345662962963,TRUE,"Fibroblast",-0.293619728054159,0.281609327507321,"composition-consistent","retained",-5.28345662962963,TRUE,TRUE,TRUE,TRUE,FALSE,TRUE,4
"PDGFA",1.14722131983809,1.23360353627979e-06,"turquoise","up",0.845325222505218,0.767266388888888,TRUE,"Pericyte",0.74705063619249,0.0149416286846014,"cell-intrinsic (candidate)","attenuated",0.767266388888888,TRUE,TRUE,TRUE,TRUE,TRUE,FALSE,4
"IFIT5",1.08251595232845,1.29736455431717e-06,"turquoise","up",0.893100821677379,0.46489012037037,TRUE,"Schwann/tumour",3.97165642475973e-06,0.016738745115713,"both","attenuated",0.46489012037037,TRUE,TRUE,TRUE,TRUE,TRUE,FALSE,4
"TMTC1",-1.61755436402159,1.32557485414863e-06,"yellow","down",0.894583003681546,-2.84461039814815,TRUE,"Endothelial",-1.5323267209989,1.4037283519919e-06,"both","attenuated",-2.84461039814815,TRUE,TRUE,TRUE,TRUE,TRUE,FALSE,4
"FAM13C",-1.15249260881573,1.56167760217389e-06,"yellow","down",0.808192319765175,-2.21643093518518,TRUE,"Pericyte",0.49838174585839,0.0447746483779128,"composition-consistent","retained",-2.21643093518518,TRUE,TRUE,TRUE,TRUE,FALSE,TRUE,4
"SVEP1",-1.34692083451966,1.69448916779784e-06,"yellow","down",0.875989131133492,-3.48425338888889,TRUE,"Fibroblast",-1.11586154923727,0.0319584596314573,"both","attenuated",-3.48425338888889,TRUE,TRUE,TRUE,TRUE,TRUE,FALSE,4
"SFRP2",-2.39893537465767,1.92785068043573e-06,"yellow","down",0.85130038469504,-7.8385142037037,TRUE,"Fibroblast",-3.8086126016815,0.00182531797621116,"both","attenuated",-7.8385142037037,TRUE,TRUE,TRUE,TRUE,TRUE,FALSE,4
"CORO2B",1.19267720345721,1.96280329779497e-06,"turquoise","up",0.886396029835937,1.58031609259259,TRUE,"Schwann/tumour",2.59267959284493e-06,0.0401834827909814,"both","attenuated",1.58031609259259,TRUE,TRUE,TRUE,TRUE,TRUE,FALSE,4
"ACBD5",1.305939934367,2.14186151758646e-06,"turquoise","up",0.930061674456318,0.327077537037038,TRUE,"Myeloid",0.395075426263236,0.00353629542468618,"both","attenuated",0.327077537037038,TRUE,TRUE,TRUE,TRUE,TRUE,FALSE,4
"ZNF521",-1.29554074546338,3.09064944655291e-06,"yellow","down",0.842741925119523,-2.32216941666667,TRUE,"Endothelial",-1.29356933992365,1.8328097306817e-09,"both","attenuated",-2.32216941666667,TRUE,TRUE,TRUE,TRUE,TRUE,FALSE,4
"TANC2",1.15218176796608,3.10728202039021e-06,"turquoise","up",0.877629012661275,0.872457231481484,TRUE,"Myeloid",1.16281571285299,0.00112862381003105,"both","attenuated",0.872457231481484,TRUE,TRUE,TRUE,TRUE,TRUE,FALSE,4
"RERG",-1.1475598640825,3.16848330530898e-06,"yellow","down",0.882226511254492,-1.77178437962963,TRUE,"Pericyte",-0.0823504844316477,0.670229891815297,"composition-consistent","retained",-1.77178437962963,TRUE,TRUE,TRUE,TRUE,FALSE,TRUE,4
"KLHL5",1.34912978579491,5.26566099338434e-06,"turquoise","up",0.877879173039077,1.12670875925926,TRUE,"Myeloid",5.54475983200552e-06,0.0216907508511127,"both","attenuated",1.12670875925926,TRUE,TRUE,TRUE,TRUE,TRUE,FALSE,4
"POP5",1.14888803148265,5.35151651460363e-06,"turquoise","up",0.828889797067173,0.516553685185186,TRUE,"Myeloid",0.897469357763055,0.000304760094228479,"both","attenuated",0.516553685185186,TRUE,TRUE,TRUE,TRUE,TRUE,FALSE,4
"TAGLN",-1.38462752545412,5.35535345995267e-06,"yellow","down",0.877910927532577,-5.63272890740741,TRUE,"Pericyte",-0.603629046502526,0.0331188043628041,"both","attenuated",-5.63272890740741,TRUE,TRUE,TRUE,TRUE,TRUE,FALSE,4
"CRABP2",-2.10060485061141,6.98687246574643e-06,"yellow","down",0.930425106162364,-0.446195712962964,TRUE,"Fibroblast",-1.76973372365149,0.000172030755828244,"both","attenuated",-0.446195712962964,TRUE,TRUE,TRUE,TRUE,TRUE,FALSE,4
"RABGGTB",1.16536238219198,7.58465369444644e-06,"turquoise","up",0.862184662931381,0.414022916666664,TRUE,"Myeloid",0.886917610824058,1.29899048665048e-05,"both","attenuated",0.414022916666664,TRUE,TRUE,TRUE,TRUE,TRUE,FALSE,4
"BOC",-1.02077741960138,8.27040820866199e-06,"yellow","down",0.90297675725872,-1.030349,TRUE,"Fibroblast",-1.63713655149647,0.0173090125125329,"both","attenuated",-1.030349,TRUE,TRUE,TRUE,TRUE,TRUE,FALSE,4
"GLB1",1.11419884922513,9.95187664599017e-06,"turquoise","up",0.817943827967715,0.818448425925927,TRUE,"Myeloid",6.88792479477558e-06,0.0128780640529059,"both","attenuated",0.818448425925927,TRUE,TRUE,TRUE,TRUE,TRUE,FALSE,4
"DACT1",-1.21795728670701,1.20502391402531e-05,"yellow","down",0.814824829545315,-2.52974638888889,TRUE,"Fibroblast",-2.13505874339219,2.10614159934276e-05,"both","attenuated",-2.52974638888889,TRUE,TRUE,TRUE,TRUE,TRUE,FALSE,4
"KATNAL1",1.04260850784657,1.44937194415604e-05,"turquoise","up",0.954069501061511,0.679092925925927,TRUE,"Schwann/tumour",4.31653681781856e-06,0.0275954876428041,"both","attenuated",0.679092925925927,TRUE,TRUE,TRUE,TRUE,TRUE,FALSE,4
"SYNPO2",-1.3861009854441,2.9899101905595e-05,"yellow","down",0.832606746519249,-4.13112672222222,TRUE,"Pericyte",-0.759522920843762,0.036547857444029,"both","attenuated",-4.13112672222222,TRUE,TRUE,TRUE,TRUE,TRUE,FALSE,4
"AQP1",-1.39810428661912,3.12777188699258e-05,"yellow","down",0.815270649185717,-5.76545109259259,TRUE,"Endothelial",-6.35189407993614e-06,0.00159433676113089,"both","attenuated",-5.76545109259259,TRUE,TRUE,TRUE,TRUE,TRUE,FALSE,4
"GPC6",-1.16611455996068,4.81415799109584e-05,"yellow","down",0.813925046191259,-2.66510975,TRUE,"Pericyte",-1.39405900595777,0.00253064421061966,"both","attenuated",-2.66510975,TRUE,TRUE,TRUE,TRUE,TRUE,FALSE,4
"MRPS28",1.26655990842483,5.05224884738221e-05,"turquoise","up",0.845651718740437,0.321505222222222,TRUE,"Myeloid",1.13695496170515,0.000202903855752324,"both","attenuated",0.321505222222222,TRUE,TRUE,TRUE,TRUE,TRUE,FALSE,4
"AOC3",-1.39891189212953,8.33194681052866e-05,"yellow","down",0.830517689044647,-3.58311844444445,TRUE,"Pericyte",-1.35612213792853,0.0044918383400504,"both","attenuated",-3.58311844444445,TRUE,TRUE,TRUE,TRUE,TRUE,FALSE,4
"CD248",-1.37481174338396,0.000105897988497143,"yellow","down",0.807769067557445,-0.767535842592593,TRUE,"Fibroblast",-1.40266029275639,0.000344525779806529,"both","attenuated",-0.767535842592593,TRUE,TRUE,TRUE,TRUE,TRUE,FALSE,4
"ERBIN",1.19364159160833,0.000108207354854302,"turquoise","up",0.868807452104971,0.490984259259259,TRUE,"Endothelial",0.436539736423946,0.00311009622785909,"cell-intrinsic (candidate)","attenuated",0.490984259259259,TRUE,TRUE,TRUE,TRUE,TRUE,FALSE,4
"VIT",-1.64806624716499,0.000315303040506232,"yellow","down",0.800191980925888,-4.58322259259259,TRUE,"Fibroblast",-0.458555577327892,0.169818738577971,"composition-consistent","retained",-4.58322259259259,TRUE,TRUE,TRUE,TRUE,FALSE,TRUE,4
"SKA2",1.01175878308019,0.00035850300058241,"turquoise","up",0.911121611171286,0.983379814814812,TRUE,"Pericyte",0.597773489445861,0.0204101560961603,"cell-intrinsic (candidate)","attenuated",0.983379814814812,TRUE,TRUE,TRUE,TRUE,TRUE,FALSE,4
"CD36",-1.53168019495913,0.000435975201873821,"yellow","down",0.811973745394492,-3.30288871296296,TRUE,"Endothelial",-3.58238831556948e-06,0.000266608182710496,"both","attenuated",-3.30288871296296,TRUE,TRUE,TRUE,TRUE,TRUE,FALSE,4
"CCDC3",-1.06932371697995,0.000547310721150523,"yellow","down",0.814562332459271,-0.779790712962963,TRUE,"Pericyte",-1.58915170823589,1.20663616606817e-09,"both","attenuated",-0.779790712962963,TRUE,TRUE,TRUE,TRUE,TRUE,FALSE,4
"LGI4",2.63774359106014,2.40290367705679e-13,"turquoise","up",0.813883137947146,1.96422043518518,TRUE,"Schwann/tumour",5.57517864729385e-06,0.0871811656543462,"composition-consistent","attenuated",1.96422043518518,TRUE,TRUE,TRUE,TRUE,FALSE,FALSE,3
"RRM2B",1.5930803883431,6.2615431010234e-13,NA,NA,NA,NA,NA,"Myeloid",5.75207574437538e-06,0.117411230495877,"composition-consistent","retained",1.51489353703704,TRUE,TRUE,TRUE,FALSE,FALSE,TRUE,3
"PDZD2",2.56001570504703,8.40895598442881e-13,"turquoise","up",0.813274915539802,1.78247889814815,TRUE,"Schwann/tumour",1.16227695701828e-06,0.205647624382423,"composition-consistent","attenuated",1.78247889814815,TRUE,TRUE,TRUE,TRUE,FALSE,FALSE,3
"SLC16A7",-1.5278691966276,9.19007482864573e-13,NA,NA,NA,NA,NA,"T cell",9.33142519314553e-06,0.278819770959168,"ambiguous/undetermined","retained",-1.47542482407408,TRUE,TRUE,TRUE,FALSE,FALSE,TRUE,3
"ANK3",2.41360839996531,4.65795535210926e-12,"turquoise","up",0.81823075814593,1.41141759259259,TRUE,"Schwann/tumour",3.83421478955892e-07,0.84464414380736,"composition-consistent","attenuated",1.41141759259259,TRUE,TRUE,TRUE,TRUE,FALSE,FALSE,3
"RCAN3",1.44529347103932,7.33980281182821e-12,"turquoise","up",0.87763838122283,0.790328259259259,TRUE,"T cell",-8.52696377956105e-06,0.743948108896607,"composition-consistent","attenuated",0.790328259259259,TRUE,TRUE,TRUE,TRUE,FALSE,FALSE,3
"MET",2.20364965756052,1.21265381570301e-11,"turquoise","up",0.859027781741631,1.7899654537037,TRUE,"Endothelial",-3.66281390462999e-06,0.0313266195494581,"ambiguous/undetermined","attenuated",1.7899654537037,TRUE,TRUE,TRUE,TRUE,FALSE,FALSE,3
"AFDN",-1.54152593546106,2.04322605825602e-11,"yellow","down",0.849423600410207,-3.45612977777778,TRUE,"Endothelial",1.14312323469131e-07,0.978096105749322,"composition-consistent","attenuated",-3.45612977777778,TRUE,TRUE,TRUE,TRUE,FALSE,FALSE,3
"SEMA3B",2.39043737306477,3.46713102061669e-11,"turquoise","up",0.822314237115517,1.64872787037037,TRUE,"Schwann/tumour",3.59681376900687e-06,0.0918850689203071,"composition-consistent","attenuated",1.64872787037037,TRUE,TRUE,TRUE,TRUE,FALSE,FALSE,3
"HPS5",1.63957722372244,4.39419787190604e-11,"turquoise","up",0.914034475024207,0.930910240740742,TRUE,"Schwann/tumour",-1.61597185264744e-05,0.435318465141901,"composition-consistent","attenuated",0.930910240740742,TRUE,TRUE,TRUE,TRUE,FALSE,FALSE,3
"TMEM62",1.12970386384426,6.6816895066786e-11,"turquoise","up",0.923085121482359,0.710955407407409,TRUE,"Endothelial",-2.62714823286442e-06,0.208662285850186,"ambiguous/undetermined","attenuated",0.710955407407409,TRUE,TRUE,TRUE,TRUE,FALSE,FALSE,3
"SLC16A4",1.96911780117194,9.33894434098873e-11,"turquoise","up",0.861275494044446,1.3439252962963,TRUE,"Schwann/tumour",1.37309530056629e-06,0.416969371433486,"composition-consistent","attenuated",1.3439252962963,TRUE,TRUE,TRUE,TRUE,FALSE,FALSE,3
"BBS12",1.36752625489052,1.75237712112595e-10,"turquoise","up",0.899830303912941,0.626144574074073,TRUE,"Schwann/tumour",1.57324455576582e-06,0.335973598090921,"composition-consistent","attenuated",0.626144574074073,TRUE,TRUE,TRUE,TRUE,FALSE,FALSE,3
"SPATA13",1.82196172314495,1.90467555451842e-10,"turquoise","up",0.854445224168132,0.649712796296296,TRUE,"Schwann/tumour",1.71974217648652e-06,0.292452335038655,"composition-consistent","attenuated",0.649712796296296,TRUE,TRUE,TRUE,TRUE,FALSE,FALSE,3
"TDRD7",1.45049558940787,3.4024999541139e-10,"turquoise","up",0.894784332413239,0.717508287037036,TRUE,"Myeloid",2.57918333585147e-06,0.102893427698667,"composition-consistent","attenuated",0.717508287037036,TRUE,TRUE,TRUE,TRUE,FALSE,FALSE,3
"KIF16B",1.44174218569314,4.25912162447244e-10,"turquoise","up",0.851770527747357,0.661061046296297,TRUE,"Schwann/tumour",1.56311582732532e-06,0.386137328879502,"composition-consistent","attenuated",0.661061046296297,TRUE,TRUE,TRUE,TRUE,FALSE,FALSE,3
"ADAM17",1.3496846605667,4.44663503910117e-10,"turquoise","up",0.889173564500495,0.939938166666666,TRUE,"Myeloid",-2.26567581290522e-06,0.418330672293971,"composition-consistent","attenuated",0.939938166666666,TRUE,TRUE,TRUE,TRUE,FALSE,FALSE,3
"ERBB2",1.37636772012722,4.52458759385928e-10,"turquoise","up",0.865612667741132,0.908829944444445,TRUE,"Schwann/tumour",5.30322449287266e-07,0.103292971085412,"composition-consistent","attenuated",0.908829944444445,TRUE,TRUE,TRUE,TRUE,FALSE,FALSE,3
"CCND2",1.75862173235853,4.7184090872231e-10,"turquoise","up",0.848552192665827,2.22655727777778,TRUE,"T cell",1.52763807673981e-06,0.598772188035017,"composition-consistent","attenuated",2.22655727777778,TRUE,TRUE,TRUE,TRUE,FALSE,FALSE,3
"ARFIP1",1.3289822996677,7.285981309072e-10,"turquoise","up",0.877415687038148,0.646339787037036,TRUE,"Schwann/tumour",2.97693546332451e-06,0.169522474627759,"composition-consistent","attenuated",0.646339787037036,TRUE,TRUE,TRUE,TRUE,FALSE,FALSE,3
"PDE3A",-1.49437891151889,8.21297806980155e-10,"yellow","down",0.860455610721435,-2.24306087962963,TRUE,"Pericyte",0.00155455192661233,0.998544929900511,"composition-consistent","attenuated",-2.24306087962963,TRUE,TRUE,TRUE,TRUE,FALSE,FALSE,3
"PPM1K",1.77290238564148,8.21297806980155e-10,"turquoise","up",0.848518834927956,1.32571072222222,TRUE,"Schwann/tumour",1.50005562302087e-07,0.941010131477327,"composition-consistent","attenuated",1.32571072222222,TRUE,TRUE,TRUE,TRUE,FALSE,FALSE,3
"PARP9",1.47504140065228,8.40605248361182e-10,"turquoise","up",0.832376210227804,1.11335100925926,TRUE,"Endothelial",-1.36654575130734e-07,0.95280986431421,"ambiguous/undetermined","attenuated",1.11335100925926,TRUE,TRUE,TRUE,TRUE,FALSE,FALSE,3
"CLMN",1.45400698489746,9.81530011759608e-10,"turquoise","up",0.834687270312478,0.252540342592594,TRUE,"Pericyte",-0.0147477971223,0.94106055642931,"ambiguous/undetermined","attenuated",0.252540342592594,TRUE,TRUE,TRUE,TRUE,FALSE,FALSE,3
"ZRSR2",1.2751885772714,9.99249817510734e-10,"turquoise","up",0.853799123993302,0.337508527777779,TRUE,"Myeloid",1.79237843282204e-05,0.961590358764921,"composition-consistent","attenuated",0.337508527777779,TRUE,TRUE,TRUE,TRUE,FALSE,FALSE,3
"DAG1",1.35907270053354,1.13495371200113e-09,"turquoise","up",0.843681474447238,0.693781611111113,TRUE,"Schwann/tumour",1.11568662228232e-06,0.49924575956045,"composition-consistent","attenuated",0.693781611111113,TRUE,TRUE,TRUE,TRUE,FALSE,FALSE,3
"CYP2U1",1.46640136273632,1.16703094291305e-09,"turquoise","up",0.879456690113268,0.462879953703705,TRUE,"Schwann/tumour",2.95053272036417e-06,0.0818763014986445,"composition-consistent","attenuated",0.462879953703704,TRUE,TRUE,TRUE,TRUE,FALSE,FALSE,3
"CAB39L",2.57722229259522,1.29655113591144e-09,"turquoise","up",0.843436353540884,1.06678918518519,TRUE,"Schwann/tumour",-9.2007807101324e-08,0.982544024920399,"composition-consistent","attenuated",1.06678918518519,TRUE,TRUE,TRUE,TRUE,FALSE,FALSE,3
"BCL2",1.45631481676639,1.40352913275079e-09,"turquoise","up",0.804942807348418,0.661561018518517,TRUE,"T cell",6.94278624149923e-07,0.808679856746071,"composition-consistent","attenuated",0.661561018518517,TRUE,TRUE,TRUE,TRUE,FALSE,FALSE,3
"DTX3L",1.4410687005027,1.66946802009682e-09,"turquoise","up",0.882733756202156,1.24244052777778,TRUE,"Endothelial",5.55360249979798e-06,0.788671263756533,"ambiguous/undetermined","attenuated",1.24244052777778,TRUE,TRUE,TRUE,TRUE,FALSE,FALSE,3
"TLE1",1.63020170967926,1.82381131473984e-09,"turquoise","up",0.86472821762766,0.994184851851852,TRUE,"Schwann/tumour",2.02097253197499e-06,0.226455182364191,"composition-consistent","attenuated",0.994184851851852,TRUE,TRUE,TRUE,TRUE,FALSE,FALSE,3
"NXPE3",1.23601895668929,1.93927468370197e-09,"turquoise","up",0.876712838796528,1.14622435185185,TRUE,"Endothelial",-7.64420931837969e-06,0.00128944412678373,"ambiguous/undetermined","attenuated",1.14622435185185,TRUE,TRUE,TRUE,TRUE,FALSE,FALSE,3
"ZNF536",1.9313292897047,2.17726875487305e-09,"turquoise","up",0.868058062903066,1.13644339814815,TRUE,"Schwann/tumour",1.1274706394696e-06,0.496949606769223,"composition-consistent","attenuated",1.13644339814815,TRUE,TRUE,TRUE,TRUE,FALSE,FALSE,3
"SLC35D2",1.50765021809869,2.23707375964293e-09,"turquoise","up",0.960375432232269,0.885589444444447,TRUE,"Schwann/tumour",3.7274702357648e-06,0.287782304547506,"composition-consistent","attenuated",0.885589444444447,TRUE,TRUE,TRUE,TRUE,FALSE,FALSE,3
"WASHC4",1.53307573599152,2.8924670829165e-09,"turquoise","up",0.953053884378065,0.71876398148148,TRUE,"Myeloid",-6.91791790907575e-06,0.0893683736033053,"composition-consistent","attenuated",0.71876398148148,TRUE,TRUE,TRUE,TRUE,FALSE,FALSE,3
"MTCL3",1.86776741613724,2.89946027903062e-09,"turquoise","up",0.845385804758317,1.07128394444444,TRUE,NA,NA,NA,"ambiguous/undetermined","attenuated",1.07128394444444,TRUE,TRUE,TRUE,TRUE,FALSE,FALSE,3
"SLC30A4",1.37861264631303,3.24607653940181e-09,"turquoise","up",0.927219377159851,0.670563712962961,TRUE,"Schwann/tumour",3.16266250574939e-06,0.0722134632423727,"composition-consistent","attenuated",0.670563712962961,TRUE,TRUE,TRUE,TRUE,FALSE,FALSE,3
"YEATS2",1.14891537544796,3.54501562296699e-09,"turquoise","up",0.872624560178375,1.04953741666667,TRUE,"Endothelial",3.51289428610128e-06,0.0785995935024654,"ambiguous/undetermined","attenuated",1.04953741666667,TRUE,TRUE,TRUE,TRUE,FALSE,FALSE,3
"WWP1",1.60321199086045,3.64112880654223e-09,"turquoise","up",0.865533527206037,1.21818996296296,TRUE,"Endothelial",-3.09211425543125e-05,0.0749901710863527,"ambiguous/undetermined","attenuated",1.21818996296296,TRUE,TRUE,TRUE,TRUE,FALSE,FALSE,3
"BTBD3",1.27939883899692,3.80686132304014e-09,"turquoise","up",0.929633251301163,0.763695342592593,TRUE,"Schwann/tumour",5.4708254517743e-07,0.765409986893991,"composition-consistent","attenuated",0.763695342592593,TRUE,TRUE,TRUE,TRUE,FALSE,FALSE,3
"CHD7",1.38919866631997,3.80686132304014e-09,"turquoise","up",0.907400941651422,1.93629172222222,TRUE,"Schwann/tumour",9.0207956339524e-07,0.568339312080747,"composition-consistent","attenuated",1.93629172222222,TRUE,TRUE,TRUE,TRUE,FALSE,FALSE,3
"NMI",1.50173308843254,4.14847726795227e-09,"turquoise","up",0.861785482117289,0.992076148148148,TRUE,"Myeloid",3.35392436142656e-07,0.951837987535051,"composition-consistent","attenuated",0.992076148148148,TRUE,TRUE,TRUE,TRUE,FALSE,FALSE,3
"GSAP",1.43003526500309,4.22882393403093e-09,"turquoise","up",0.880955884900322,1.42087267592592,TRUE,"Myeloid",-2.06840727871453e-06,0.579106861379266,"composition-consistent","attenuated",1.42087267592592,TRUE,TRUE,TRUE,TRUE,FALSE,FALSE,3
"SLC44A2",1.3692091421542,4.52678144112885e-09,"turquoise","up",0.870909440261126,1.31330101851852,TRUE,"Endothelial",-8.19982752620971e-06,0.115997999854552,"ambiguous/undetermined","attenuated",1.31330101851852,TRUE,TRUE,TRUE,TRUE,FALSE,FALSE,3
"ARHGEF10",1.23837331625752,4.64585715268115e-09,"turquoise","up",0.851279988128311,0.812231555555554,TRUE,"Schwann/tumour",-5.52231329896244e-07,0.639796365892814,"composition-consistent","attenuated",0.812231555555554,TRUE,TRUE,TRUE,TRUE,FALSE,FALSE,3
"PRKAB2",1.24950328359753,4.65764768459963e-09,"turquoise","up",0.891046261989916,0.410211148148148,TRUE,"Schwann/tumour",6.20267393615373e-06,0.759515952659165,"composition-consistent","attenuated",0.410211148148148,TRUE,TRUE,TRUE,TRUE,FALSE,FALSE,3
"ITGB4",1.85600807749962,4.79106520604273e-09,"turquoise","up",0.813439672440235,1.01323437037037,TRUE,"Schwann/tumour",3.11474346066402e-06,0.172011147920652,"composition-consistent","attenuated",1.01323437037037,TRUE,TRUE,TRUE,TRUE,FALSE,FALSE,3
"ITPK1",1.4760408839468,5.41527616071826e-09,"turquoise","up",0.812913087641169,1.63069925,TRUE,"Schwann/tumour",4.61897096998622e-06,0.103346097595038,"composition-consistent","attenuated",1.63069925,TRUE,TRUE,TRUE,TRUE,FALSE,FALSE,3
"AS3MT",1.21866340523285,5.76326786386081e-09,"turquoise","up",0.820891430171682,1.42005532407407,TRUE,"Fibroblast",-0.155494794968791,0.419976654146447,"ambiguous/undetermined","attenuated",1.42005532407407,TRUE,TRUE,TRUE,TRUE,FALSE,FALSE,3
"AP3M2",1.4935493795744,5.82952465222215e-09,"turquoise","up",0.934814163730407,0.96670612037037,TRUE,"T cell",-2.54532193464816e-06,0.340060126822279,"composition-consistent","attenuated",0.96670612037037,TRUE,TRUE,TRUE,TRUE,FALSE,FALSE,3
"TANC1",1.46872624225367,5.87449867463126e-09,"turquoise","up",0.868951652392511,0.863708564814816,TRUE,"Endothelial",3.95414429009315e-06,0.236651747100078,"ambiguous/undetermined","attenuated",0.863708564814816,TRUE,TRUE,TRUE,TRUE,FALSE,FALSE,3
"POLI",1.18049919596222,5.9950870766701e-09,"turquoise","up",0.945296804611078,0.0703157870370355,TRUE,"Schwann/tumour",1.43102833366879e-07,0.581640504312455,"composition-consistent","attenuated",0.0703157870370354,TRUE,TRUE,TRUE,TRUE,FALSE,FALSE,3
"GBA1",1.49130460265613,1.08441931887488e-08,"turquoise","up",0.900825056478974,0.986965583333333,TRUE,NA,NA,NA,"ambiguous/undetermined","attenuated",0.986965583333333,TRUE,TRUE,TRUE,TRUE,FALSE,FALSE,3
"ABCD3",1.64254200263531,1.18122641838271e-08,"turquoise","up",0.887583227215572,0.726889648148148,TRUE,"Schwann/tumour",5.74063006767879e-08,0.982762775658076,"composition-consistent","attenuated",0.726889648148148,TRUE,TRUE,TRUE,TRUE,FALSE,FALSE,3
"MINDY2",1.65223441316577,1.18122641838271e-08,"turquoise","up",0.932228636334856,0.441922592592594,TRUE,"Schwann/tumour",9.49352932654254e-07,0.636332456035012,"composition-consistent","attenuated",0.441922592592594,TRUE,TRUE,TRUE,TRUE,FALSE,FALSE,3
"PLBD2",1.13906264711565,1.25309201536115e-08,"turquoise","up",0.911737741118974,0.994387685185183,TRUE,"Fibroblast",-0.390586822749827,0.226859460112006,"ambiguous/undetermined","attenuated",0.994387685185183,TRUE,TRUE,TRUE,TRUE,FALSE,FALSE,3
"UXS1",1.40950337446492,1.29447190361459e-08,"turquoise","up",0.812855524641717,0.288143787037038,TRUE,"Schwann/tumour",-5.41622787404541e-07,0.728675171885409,"composition-consistent","attenuated",0.288143787037038,TRUE,TRUE,TRUE,TRUE,FALSE,FALSE,3
"PARP14",1.4572428879522,1.39616087209312e-08,"turquoise","up",0.831362877289347,1.04961732407408,TRUE,"Myeloid",1.35569038930105e-06,0.576074600489625,"composition-consistent","attenuated",1.04961732407408,TRUE,TRUE,TRUE,TRUE,FALSE,FALSE,3
"KAT2B",1.4459923175798,1.45531721755396e-08,"turquoise","up",0.861345465967909,0.8270062037037,TRUE,"Schwann/tumour",2.34531172447731e-06,0.147097720225067,"composition-consistent","attenuated",0.8270062037037,TRUE,TRUE,TRUE,TRUE,FALSE,FALSE,3
"WSB1",1.35363791430995,1.47442568312287e-08,"turquoise","up",0.89137593656755,0.59344277777778,TRUE,"Schwann/tumour",-1.94771650263188e-06,0.418107980046753,"composition-consistent","attenuated",0.59344277777778,TRUE,TRUE,TRUE,TRUE,FALSE,FALSE,3
"FBXL2",1.12832893039476,1.60154845554634e-08,"turquoise","up",0.87902652046539,0.721038555555555,TRUE,"Schwann/tumour",1.83416427244763e-06,0.0805074520265524,"composition-consistent","attenuated",0.721038555555555,TRUE,TRUE,TRUE,TRUE,FALSE,FALSE,3
"ZNF385D",-1.53457752582883,1.68387497260779e-08,"yellow","down",0.900450438060299,-0.990735351851852,TRUE,"Endothelial",-2.0409990231632e-06,0.126832209491159,"composition-consistent","attenuated",-0.990735351851852,TRUE,TRUE,TRUE,TRUE,FALSE,FALSE,3
"BPGM",1.12398009906862,1.69133961674545e-08,"turquoise","up",0.824795294020185,0.486781555555555,TRUE,"Schwann/tumour",1.71112367615841e-06,0.447678529084201,"composition-consistent","attenuated",0.486781555555555,TRUE,TRUE,TRUE,TRUE,FALSE,FALSE,3
"SETDB2",1.2219341793963,1.78924494734864e-08,"turquoise","up",0.884987937691949,0.222915500000003,TRUE,"Myeloid",1.11011953533515e-05,0.977429443646491,"composition-consistent","attenuated",0.222915500000003,TRUE,TRUE,TRUE,TRUE,FALSE,FALSE,3
"ALG5",1.23879769897996,2.05830730732331e-08,"turquoise","up",0.87683099660642,0.489062037037037,TRUE,"Schwann/tumour",-6.45949160124094e-07,0.831807580489816,"composition-consistent","attenuated",0.489062037037037,TRUE,TRUE,TRUE,TRUE,FALSE,FALSE,3
"SAMD9",1.52994065918427,2.25609442227411e-08,"turquoise","up",0.818730251556609,1.24834081481481,TRUE,"T cell",3.63906971522353e-06,0.31743646770113,"composition-consistent","attenuated",1.24834081481481,TRUE,TRUE,TRUE,TRUE,FALSE,FALSE,3
"FNDC5",-1.09116899133539,2.27740505044445e-08,"yellow","down",0.837894373105818,0.129475361111113,FALSE,"Fibroblast",0.075010187625844,0.696635324326903,"composition-consistent","retained",0.129475361111113,FALSE,TRUE,FALSE,TRUE,FALSE,TRUE,3
"PPT2",1.32009465641095,2.497424477188e-08,"turquoise","up",0.885943536893058,0.804398870370372,TRUE,"Endothelial",1.52084479607522e-06,0.431849489339452,"ambiguous/undetermined","attenuated",0.804398870370372,TRUE,TRUE,TRUE,TRUE,FALSE,FALSE,3
"PLXNA3",1.18313506693061,2.57408892071591e-08,"turquoise","up",0.937868865385978,1.19991937962963,TRUE,"Schwann/tumour",9.33787016886491e-07,0.658160210856821,"composition-consistent","attenuated",1.19991937962963,TRUE,TRUE,TRUE,TRUE,FALSE,FALSE,3
"EVI5",1.93204718023362,2.75719745676898e-08,"turquoise","up",0.930523933196157,0.573409870370371,TRUE,"Schwann/tumour",1.9460176661499e-06,0.417980139088817,"composition-consistent","attenuated",0.573409870370371,TRUE,TRUE,TRUE,TRUE,FALSE,FALSE,3
"TOM1L2",1.29082887889514,2.95371827629944e-08,"turquoise","up",0.865693512208662,1.23540609259259,TRUE,"Schwann/tumour",2.34291082821158e-07,0.934096507137411,"composition-consistent","attenuated",1.23540609259259,TRUE,TRUE,TRUE,TRUE,FALSE,FALSE,3
"DNAAF9",1.40103521713416,3.0049541180625e-08,"turquoise","up",0.927926281489806,0.861534351851853,TRUE,NA,NA,NA,"ambiguous/undetermined","attenuated",0.861534351851853,TRUE,TRUE,TRUE,TRUE,FALSE,FALSE,3
"KIF1A",1.98961629397996,3.19274197791524e-08,"turquoise","up",0.811155645016388,0.986698342592595,TRUE,"Schwann/tumour",2.37343811538835e-07,0.896326520261365,"composition-consistent","attenuated",0.986698342592595,TRUE,TRUE,TRUE,TRUE,FALSE,FALSE,3
"SNX24",1.75866759705397,3.19274197791524e-08,"turquoise","up",0.910186836644205,1.22886909259259,TRUE,"Schwann/tumour",6.57775918467447e-07,0.809137417148656,"composition-consistent","attenuated",1.22886909259259,TRUE,TRUE,TRUE,TRUE,FALSE,FALSE,3
"SLC12A4",1.02475769729915,3.45762409947096e-08,"turquoise","up",0.945283659983384,0.528441944444445,TRUE,"Pericyte",0.358054706274804,0.0539740434277095,"ambiguous/undetermined","attenuated",0.528441944444445,TRUE,TRUE,TRUE,TRUE,FALSE,FALSE,3
"NAPEPLD",1.26341032663146,3.56084514632534e-08,"turquoise","up",0.818687396107487,0.948298638888889,TRUE,"Schwann/tumour",2.21283363006717e-07,0.888527653858714,"composition-consistent","attenuated",0.948298638888889,TRUE,TRUE,TRUE,TRUE,FALSE,FALSE,3
"SIPA1L1",1.37025542402082,3.59204637357688e-08,"turquoise","up",0.912201632504637,1.17921811111111,TRUE,"Schwann/tumour",-9.95652296213893e-07,0.653360948009589,"composition-consistent","attenuated",1.17921811111111,TRUE,TRUE,TRUE,TRUE,FALSE,FALSE,3
"TBX18",-1.19975462938165,3.60703871480577e-08,"yellow","down",0.921777032544122,-2.25189981481481,TRUE,"Pericyte",-0.148754994104079,0.428596961199694,"composition-consistent","attenuated",-2.25189981481481,TRUE,TRUE,TRUE,TRUE,FALSE,FALSE,3
"MOSPD2",1.56463127873323,3.87338082704041e-08,"turquoise","up",0.889852432980375,0.857273444444445,TRUE,"Schwann/tumour",1.83054680209155e-06,0.247857274683819,"composition-consistent","attenuated",0.857273444444445,TRUE,TRUE,TRUE,TRUE,FALSE,FALSE,3
"RTKN",1.15191823645798,4.21904096496469e-08,"turquoise","up",0.836840282308084,0.46704437962963,TRUE,"Schwann/tumour",-4.21396534976723e-07,0.852418928266243,"composition-consistent","attenuated",0.46704437962963,TRUE,TRUE,TRUE,TRUE,FALSE,FALSE,3
"PRICKLE1",-1.60799277790208,4.27133950906739e-08,"yellow","down",0.82098932066042,-1.8620789537037,TRUE,"Fibroblast",-0.192129437496316,0.494114390300753,"composition-consistent","attenuated",-1.8620789537037,TRUE,TRUE,TRUE,TRUE,FALSE,FALSE,3
"SLITRK2",1.49826400754511,4.39479828997764e-08,"turquoise","up",0.80535427889859,0.903500296296297,TRUE,"Schwann/tumour",-6.71544624890788e-07,0.748712720852444,"composition-consistent","attenuated",0.903500296296297,TRUE,TRUE,TRUE,TRUE,FALSE,FALSE,3
"RNF213",1.12285428328759,4.62513469080083e-08,"turquoise","up",0.893576139840081,1.19074961111111,TRUE,"T cell",2.7745260406226e-06,0.37997788423116,"composition-consistent","attenuated",1.19074961111111,TRUE,TRUE,TRUE,TRUE,FALSE,FALSE,3
"CTSO",1.39014185158905,5.44829554111171e-08,"turquoise","up",0.890881062675716,0.189750111111106,TRUE,"Fibroblast",-0.720787884183463,0.00491137211003381,"ambiguous/undetermined","attenuated",0.189750111111106,TRUE,TRUE,TRUE,TRUE,FALSE,FALSE,3
"KDM3A",1.23064464492444,6.25141687281795e-08,"turquoise","up",0.852593770956567,0.158902833333331,TRUE,"Myeloid",-1.99174750135216e-06,0.477997512149155,"composition-consistent","attenuated",0.158902833333331,TRUE,TRUE,TRUE,TRUE,FALSE,FALSE,3
"ZMYND8",1.03549157899923,6.38294880145884e-08,"turquoise","up",0.86977839761818,0.725468814814814,TRUE,"Schwann/tumour",-3.16582894301681e-07,0.85466475260659,"composition-consistent","attenuated",0.725468814814814,TRUE,TRUE,TRUE,TRUE,FALSE,FALSE,3
"TNXB",-1.34131420407864,6.5813548877975e-08,"yellow","down",0.925858405701371,0.208371527777778,FALSE,"Fibroblast",-0.887658939745034,0.0584995172297939,"composition-consistent","retained",0.208371527777778,FALSE,TRUE,FALSE,TRUE,FALSE,TRUE,3
"SGMS1",1.28117446221049,7.39501742654336e-08,"turquoise","up",0.915436428136359,1.08911648148148,TRUE,"Schwann/tumour",-2.91380124240998e-07,0.561327628016984,"composition-consistent","attenuated",1.08911648148148,TRUE,TRUE,TRUE,TRUE,FALSE,FALSE,3
"ECHDC1",1.51316523539553,8.81005176534517e-08,"turquoise","up",0.8226437733637,0.932641138888886,TRUE,"Schwann/tumour",-9.81229096596255e-07,0.73406562055826,"composition-consistent","attenuated",0.932641138888886,TRUE,TRUE,TRUE,TRUE,FALSE,FALSE,3
"CEP350",1.2038314992606,1.19397186950071e-07,"turquoise","up",0.938060358497421,0.678211296296297,TRUE,"Myeloid",-1.4331408508577e-05,0.970486278503332,"composition-consistent","attenuated",0.678211296296297,TRUE,TRUE,TRUE,TRUE,FALSE,FALSE,3
"EEIG1",1.31763807018967,1.19397186950071e-07,"turquoise","up",0.834632974088605,0.72917186111111,TRUE,NA,NA,NA,"ambiguous/undetermined","attenuated",0.72917186111111,TRUE,TRUE,TRUE,TRUE,FALSE,FALSE,3
"TEX2",1.20233029983269,1.22401545144737e-07,"turquoise","up",0.910265519716088,0.59925141666667,TRUE,"Schwann/tumour",3.12342481946001e-06,0.478006185271859,"composition-consistent","attenuated",0.59925141666667,TRUE,TRUE,TRUE,TRUE,FALSE,FALSE,3
"RAP1GDS1",1.35142305441404,1.3122975545535e-07,"turquoise","up",0.86571984593881,0.110580407407411,TRUE,"Schwann/tumour",7.66460734454417e-07,0.312942491980981,"composition-consistent","attenuated",0.110580407407411,TRUE,TRUE,TRUE,TRUE,FALSE,FALSE,3
"ZNF383",1.00487788189515,1.36652964606714e-07,"turquoise","up",0.90291230552068,0.216197388888888,TRUE,"Endothelial",-2.78382631814447e-06,0.218094350355399,"ambiguous/undetermined","attenuated",0.216197388888888,TRUE,TRUE,TRUE,TRUE,FALSE,FALSE,3
"NIPAL3",1.01696158247032,1.44764494554271e-07,"turquoise","up",0.868766064996069,0.656036157407407,TRUE,"T cell",4.82971272798888e-06,0.307734650052468,"composition-consistent","attenuated",0.656036157407407,TRUE,TRUE,TRUE,TRUE,FALSE,FALSE,3
"HTT",1.2664252818643,1.47951438079597e-07,"turquoise","up",0.959616281857321,1.16481434259259,TRUE,"Schwann/tumour",6.86577059984466e-07,0.0568213112161722,"composition-consistent","attenuated",1.16481434259259,TRUE,TRUE,TRUE,TRUE,FALSE,FALSE,3
"MLLT10",1.03383242777949,1.56672033709093e-07,"turquoise","up",0.901207709737244,0.518571351851849,TRUE,"Endothelial",-6.4548594365485e-06,0.0927399905917915,"ambiguous/undetermined","attenuated",0.518571351851849,TRUE,TRUE,TRUE,TRUE,FALSE,FALSE,3
"PRMT2",1.25605649213724,1.59627466525919e-07,"turquoise","up",0.913849774625625,0.918988685185184,TRUE,"Schwann/tumour",-2.16320084119728e-07,0.943576522496829,"composition-consistent","attenuated",0.918988685185184,TRUE,TRUE,TRUE,TRUE,FALSE,FALSE,3
"INF2",1.06680975161913,1.81265560736233e-07,"turquoise","up",0.908540975225232,0.371541398148148,TRUE,"Schwann/tumour",-4.40933476315626e-06,0.02830959541974,"composition-consistent","attenuated",0.371541398148148,TRUE,TRUE,TRUE,TRUE,FALSE,FALSE,3
"TGFB3",-1.58682676318504,1.84572139949475e-07,"yellow","down",0.842162539436361,-0.615790444444445,TRUE,"Pericyte",-0.356826208987211,0.158996741228459,"composition-consistent","attenuated",-0.615790444444445,TRUE,TRUE,TRUE,TRUE,FALSE,FALSE,3
"ZC4H2",1.15552452603393,1.84864426310614e-07,"turquoise","up",0.895657588184909,1.74459906481481,TRUE,"Schwann/tumour",4.10680506006957e-07,0.78065835678145,"composition-consistent","attenuated",1.74459906481481,TRUE,TRUE,TRUE,TRUE,FALSE,FALSE,3
"PTAR1",1.2108452331943,1.86852674678039e-07,"turquoise","up",0.93792804107238,1.15928682407407,TRUE,"Schwann/tumour",2.67785077114764e-06,0.066735831798076,"composition-consistent","attenuated",1.15928682407407,TRUE,TRUE,TRUE,TRUE,FALSE,FALSE,3
"EBF1",-1.80914215893523,1.91585136931948e-07,"yellow","down",0.947453752254879,-4.00679185185185,TRUE,"Pericyte",-0.321394434386117,0.181306262094784,"composition-consistent","attenuated",-4.00679185185185,TRUE,TRUE,TRUE,TRUE,FALSE,FALSE,3
"ATL1",1.32584684219892,2.01517616797436e-07,"turquoise","up",0.911423453497397,0.40282061111111,TRUE,"Schwann/tumour",-3.99337558492635e-06,0.285660877763693,"composition-consistent","attenuated",0.40282061111111,TRUE,TRUE,TRUE,TRUE,FALSE,FALSE,3
"ABCA3",1.29525823791056,2.05235013475189e-07,"turquoise","up",0.877261446345617,0.856476074074074,TRUE,"Schwann/tumour",8.39363104196372e-07,0.746467467938907,"composition-consistent","attenuated",0.856476074074074,TRUE,TRUE,TRUE,TRUE,FALSE,FALSE,3
"EIF2AK2",1.47416443188589,2.06738540757802e-07,"turquoise","up",0.876842603943421,1.0652737962963,TRUE,"Endothelial",-5.71616046958994e-07,0.824232608763992,"ambiguous/undetermined","attenuated",1.0652737962963,TRUE,TRUE,TRUE,TRUE,FALSE,FALSE,3
"HDAC11",1.30134740514033,2.13055934156372e-07,"turquoise","up",0.865198143766683,0.162699296296295,TRUE,"Schwann/tumour",-3.86845268807403e-06,0.142311720078405,"composition-consistent","attenuated",0.162699296296295,TRUE,TRUE,TRUE,TRUE,FALSE,FALSE,3
"C3orf38",1.07725349446415,2.20094084522973e-07,"turquoise","up",0.952182971498252,0.284663981481485,TRUE,"Myeloid",5.42599508260216e-06,0.0737336897038149,"composition-consistent","attenuated",0.284663981481485,TRUE,TRUE,TRUE,TRUE,FALSE,FALSE,3
"EDIL3",2.13154336260987,2.24936559622801e-07,"turquoise","up",0.866400286741356,2.68870874074074,TRUE,"Schwann/tumour",-5.92656935467527e-06,0.0388782518541241,"composition-consistent","attenuated",2.68870874074074,TRUE,TRUE,TRUE,TRUE,FALSE,FALSE,3
"HCFC2",1.29480528640324,2.42383852542092e-07,"turquoise","up",0.921566520075843,0.273434453703706,TRUE,"Pericyte",-0.132451584834603,0.546895667513189,"ambiguous/undetermined","attenuated",0.273434453703706,TRUE,TRUE,TRUE,TRUE,FALSE,FALSE,3
"PON2",1.55364544028373,2.53721171947703e-07,"turquoise","up",0.895495314284337,1.2095487037037,TRUE,"Schwann/tumour",1.18921341271946e-05,0.865306472527122,"composition-consistent","attenuated",1.2095487037037,TRUE,TRUE,TRUE,TRUE,FALSE,FALSE,3
"CERS6",1.14640376604472,2.91721632345857e-07,"turquoise","up",0.876784488224993,0.818196370370369,TRUE,"Schwann/tumour",2.57050298331473e-06,0.0977076723243598,"composition-consistent","attenuated",0.818196370370369,TRUE,TRUE,TRUE,TRUE,FALSE,FALSE,3
"RABEP1",1.17767339058597,3.03567284805845e-07,"turquoise","up",0.916850442647725,1.16552731481482,TRUE,"Myeloid",6.81621710930191e-06,0.108451208786116,"composition-consistent","attenuated",1.16552731481482,TRUE,TRUE,TRUE,TRUE,FALSE,FALSE,3
"PCBP4",1.08382752319969,3.2423065542772e-07,"turquoise","up",0.862541474272542,0.532002166666668,TRUE,"Schwann/tumour",-6.18511734148144e-06,0.13845647564924,"composition-consistent","attenuated",0.532002166666668,TRUE,TRUE,TRUE,TRUE,FALSE,FALSE,3
"ZSWIM6",1.05693243100771,3.42357839976284e-07,"turquoise","up",0.822143361923774,1.56944451851852,TRUE,"Myeloid",-4.25014280227922e-06,0.234747924595594,"composition-consistent","attenuated",1.56944451851852,TRUE,TRUE,TRUE,TRUE,FALSE,FALSE,3
"SNED1",-1.05887672816191,3.56087412085111e-07,"yellow","down",0.866675180330729,-1.2161102962963,TRUE,"Endothelial",2.53942188453875e-06,0.267110486672498,"composition-consistent","attenuated",-1.2161102962963,TRUE,TRUE,TRUE,TRUE,FALSE,FALSE,3
"GMFB",1.23446773782035,3.74357514613853e-07,"turquoise","up",0.924979784595861,0.477293148148149,TRUE,"Schwann/tumour",3.77265062892606e-06,0.251096836615467,"composition-consistent","attenuated",0.477293148148149,TRUE,TRUE,TRUE,TRUE,FALSE,FALSE,3
"ZNF845",1.10759319986662,3.87292367715831e-07,"turquoise","up",0.933300627364349,0.330451129629632,TRUE,"Endothelial",-1.72067438677179e-06,0.437024951971397,"ambiguous/undetermined","attenuated",0.330451129629632,TRUE,TRUE,TRUE,TRUE,FALSE,FALSE,3
"C5orf15",1.0688744699414,4.34730653765381e-07,"turquoise","up",0.878984597930066,0.78782536111111,TRUE,"Fibroblast",0.169964832775256,0.555027006410879,"ambiguous/undetermined","attenuated",0.78782536111111,TRUE,TRUE,TRUE,TRUE,FALSE,FALSE,3
"SLC39A6",1.34301797992907,4.50289441294541e-07,"turquoise","up",0.895100461112421,0.835918240740742,TRUE,"Schwann/tumour",1.36720111236005e-08,0.716294259868319,"composition-consistent","attenuated",0.835918240740742,TRUE,TRUE,TRUE,TRUE,FALSE,FALSE,3
"PDZD4",1.21309224135313,4.5220334271363e-07,"turquoise","up",0.8314304574545,0.299207611111112,TRUE,"Schwann/tumour",-1.92364415472931e-06,0.237142461464117,"composition-consistent","attenuated",0.299207611111112,TRUE,TRUE,TRUE,TRUE,FALSE,FALSE,3
"RRN3P2",1.23439689458597,5.48436873771486e-07,"turquoise","up",0.898304496072329,0.306423240740738,TRUE,NA,NA,NA,"ambiguous/undetermined","attenuated",0.306423240740738,TRUE,TRUE,TRUE,TRUE,FALSE,FALSE,3
"GPD1L",1.10269770192984,5.60034704354233e-07,"turquoise","up",0.874359515176046,0.211953972222224,TRUE,"Endothelial",-1.6028639311175e-06,0.245550566913198,"ambiguous/undetermined","attenuated",0.211953972222224,TRUE,TRUE,TRUE,TRUE,FALSE,FALSE,3
"PLXNB2",1.05119451122976,5.77074641431224e-07,"turquoise","up",0.843196356806609,1.08129964814815,TRUE,"Schwann/tumour",2.58862715727769e-06,0.348256550940799,"composition-consistent","attenuated",1.08129964814815,TRUE,TRUE,TRUE,TRUE,FALSE,FALSE,3
"OSBPL11",1.32635249847726,5.97894878959391e-07,"turquoise","up",0.8309874687891,1.56119384259259,TRUE,"Myeloid",-7.47050546601235e-06,0.0385976099118598,"composition-consistent","attenuated",1.56119384259259,TRUE,TRUE,TRUE,TRUE,FALSE,FALSE,3
"FBXL4",1.13042398228528,6.27529244575447e-07,"turquoise","up",0.882060937233862,0.130037731481483,TRUE,"Schwann/tumour",-5.91069755682778e-07,0.792227919869134,"composition-consistent","attenuated",0.130037731481483,TRUE,TRUE,TRUE,TRUE,FALSE,FALSE,3
"PLEKHA1",1.21616824438551,6.52614428880359e-07,"turquoise","up",0.876068302228612,0.417429425925924,TRUE,"Schwann/tumour",2.58862007040061e-06,0.153012796901167,"composition-consistent","attenuated",0.417429425925924,TRUE,TRUE,TRUE,TRUE,FALSE,FALSE,3
"HSPA13",1.27360466315112,7.04063044034574e-07,"turquoise","up",0.935666332703059,0.261242851851854,TRUE,"Schwann/tumour",2.62975591727934e-06,0.284413505530027,"composition-consistent","attenuated",0.261242851851854,TRUE,TRUE,TRUE,TRUE,FALSE,FALSE,3
"WBP11",1.14714850096685,7.26776142474147e-07,"turquoise","up",0.922960905281043,1.64760953703703,TRUE,"Schwann/tumour",3.94948493432452e-06,0.174156053901225,"composition-consistent","attenuated",1.64760953703703,TRUE,TRUE,TRUE,TRUE,FALSE,FALSE,3
"ZFP90",1.06609268571164,7.28601691255721e-07,"turquoise","up",0.963787182949627,0.325042092592593,TRUE,"Schwann/tumour",-2.95843349184166e-07,0.865797224904236,"composition-consistent","attenuated",0.325042092592593,TRUE,TRUE,TRUE,TRUE,FALSE,FALSE,3
"FBXO28",1.04075447000694,9.3856097771426e-07,"turquoise","up",0.941431270537329,0.77413812037037,TRUE,"Endothelial",1.03304037399463e-06,0.732090981788246,"ambiguous/undetermined","attenuated",0.77413812037037,TRUE,TRUE,TRUE,TRUE,FALSE,FALSE,3
"HPS3",1.33017501750656,9.54261104974742e-07,"turquoise","up",0.833306805500334,1.35224544444444,TRUE,"Myeloid",-1.52283648819558e-05,0.0730875458853548,"composition-consistent","attenuated",1.35224544444444,TRUE,TRUE,TRUE,TRUE,FALSE,FALSE,3
"CPT1A",1.00007269215575,1.04595554430675e-06,"turquoise","up",0.847730264865422,0.164925685185185,TRUE,"Endothelial",-0.594228874102674,0.000303633766832959,"ambiguous/undetermined","attenuated",0.164925685185185,TRUE,TRUE,TRUE,TRUE,FALSE,FALSE,3
"CYP4V2",1.06598498539553,1.05882315458112e-06,"turquoise","up",0.846220653272775,0.355277537037038,TRUE,"Fibroblast",-0.213616387528277,0.491432484809595,"ambiguous/undetermined","attenuated",0.355277537037038,TRUE,TRUE,TRUE,TRUE,FALSE,FALSE,3
"ANKRD28",1.12548215930995,1.21834904105931e-06,"turquoise","up",0.889180176170242,0.976300638888887,TRUE,"Endothelial",-2.41694411651139e-06,0.329823896776085,"ambiguous/undetermined","attenuated",0.976300638888887,TRUE,TRUE,TRUE,TRUE,FALSE,FALSE,3
"ERMARD",1.01691309761218,1.2476771681911e-06,"turquoise","up",0.949992668512356,0.170375805555555,TRUE,"Schwann/tumour",-2.59327371945273e-06,0.224676129686535,"composition-consistent","attenuated",0.170375805555555,TRUE,TRUE,TRUE,TRUE,FALSE,FALSE,3
"MAP4K3",1.42136415534156,1.35622072719066e-06,"turquoise","up",0.918584064079804,0.618154648148149,TRUE,"Schwann/tumour",5.17150912167222e-06,0.0570798919558087,"composition-consistent","attenuated",0.618154648148149,TRUE,TRUE,TRUE,TRUE,FALSE,FALSE,3
"PHACTR4",1.20258792976407,1.41315393206099e-06,"turquoise","up",0.902006065861326,0.592059925925925,TRUE,"Endothelial",-2.77149552490912e-06,0.291770214034743,"ambiguous/undetermined","attenuated",0.592059925925925,TRUE,TRUE,TRUE,TRUE,FALSE,FALSE,3
"QNG1",1.02780969133308,1.46682917537735e-06,"turquoise","up",0.956844648788491,0.257501851851854,TRUE,NA,NA,NA,"ambiguous/undetermined","attenuated",0.257501851851853,TRUE,TRUE,TRUE,TRUE,FALSE,FALSE,3
"PIGK",1.37033366892136,1.48334711348838e-06,"turquoise","up",0.900502325113171,0.308892685185185,TRUE,"Schwann/tumour",1.37752535186152e-05,0.0666187583467193,"composition-consistent","attenuated",0.308892685185185,TRUE,TRUE,TRUE,TRUE,FALSE,FALSE,3
"EDNRA",-1.61458846831919,1.52236106323691e-06,"yellow","down",0.80381466490153,-2.23740437962963,TRUE,"Pericyte",0.126477216406404,0.564012924409482,"composition-consistent","attenuated",-2.23740437962963,TRUE,TRUE,TRUE,TRUE,FALSE,FALSE,3
"AATK",1.03160533152969,1.54675416619489e-06,"turquoise","up",0.80501729491786,0.764154342592592,TRUE,"Schwann/tumour",3.92654907980828e-06,0.0962512873878199,"composition-consistent","attenuated",0.764154342592592,TRUE,TRUE,TRUE,TRUE,FALSE,FALSE,3
"POGLUT1",1.15604652934079,1.54675416619489e-06,"turquoise","up",0.895773522213929,0.486069342592593,TRUE,"Endothelial",-3.86913982572143e-06,0.312894380480251,"ambiguous/undetermined","attenuated",0.486069342592593,TRUE,TRUE,TRUE,TRUE,FALSE,FALSE,3
"IFNAR1",1.31066830012182,1.56167760217389e-06,"turquoise","up",0.884175675482262,0.442007592592596,TRUE,"Myeloid",4.37968766333898e-06,0.17279086189052,"composition-consistent","attenuated",0.442007592592596,TRUE,TRUE,TRUE,TRUE,FALSE,FALSE,3
"CNP",1.1669679896916,1.65781283505455e-06,"turquoise","up",0.855876329701195,0.93510835185185,TRUE,"Schwann/tumour",-0.000102040260261506,0.0701660646175705,"composition-consistent","attenuated",0.93510835185185,TRUE,TRUE,TRUE,TRUE,FALSE,FALSE,3
"CLN5",1.13903337400848,1.71308678773992e-06,"turquoise","up",0.946075528177962,0.133123509259259,TRUE,"Fibroblast",-0.110205379538876,0.700186310436004,"ambiguous/undetermined","attenuated",0.133123509259259,TRUE,TRUE,TRUE,TRUE,FALSE,FALSE,3
"SELP",-1.33888889006399,1.72522061048411e-06,"yellow","down",0.882623283126786,-1.29254119444444,TRUE,"Endothelial",-1.51021525942098e-06,0.331805807120869,"composition-consistent","attenuated",-1.29254119444444,TRUE,TRUE,TRUE,TRUE,FALSE,FALSE,3
"WDR47",1.31297143584734,1.77615496989377e-06,"turquoise","up",0.916035083249447,0.888997259259263,TRUE,"Schwann/tumour",2.09978429406436e-06,0.315682448901903,"composition-consistent","attenuated",0.888997259259263,TRUE,TRUE,TRUE,TRUE,FALSE,FALSE,3
"ZNF25",1.23507355253432,1.82005164481056e-06,"turquoise","up",0.903495337999107,0.191275037037038,TRUE,"Pericyte",-0.101232998037774,0.64293487434622,"ambiguous/undetermined","attenuated",0.191275037037038,TRUE,TRUE,TRUE,TRUE,FALSE,FALSE,3
"CCL19",-1.35192048330069,2.07184622715126e-06,"yellow","down",0.821658293690722,-0.196974740740741,TRUE,"Pericyte",-0.0392158356898483,0.580043809252135,"composition-consistent","attenuated",-0.196974740740741,TRUE,TRUE,TRUE,TRUE,FALSE,FALSE,3
"MOCS2",1.32088068229607,2.0755343272305e-06,"turquoise","up",0.884151501052495,1.09087764814815,TRUE,"Schwann/tumour",1.78200021153613e-06,0.451182032402639,"composition-consistent","attenuated",1.09087764814815,TRUE,TRUE,TRUE,TRUE,FALSE,FALSE,3
"CSNK1G3",1.21052558888281,2.29393084585274e-06,"turquoise","up",0.852548175630898,0.264049796296296,TRUE,"Endothelial",-1.91311463622253e-07,0.953686656119493,"ambiguous/undetermined","attenuated",0.264049796296296,TRUE,TRUE,TRUE,TRUE,FALSE,FALSE,3
"PLPPR4",-1.33269310279645,2.31129069090774e-06,"yellow","down",0.877716561538429,-2.54780271296297,TRUE,"Endothelial",1.21035566161954e-06,0.222063670902622,"composition-consistent","attenuated",-2.54780271296297,TRUE,TRUE,TRUE,TRUE,FALSE,FALSE,3
"ORC3",1.13824167498535,2.43272717058154e-06,"turquoise","up",0.919583084395541,0.411846296296297,TRUE,"Schwann/tumour",-7.83565455893454e-06,0.044463235154851,"composition-consistent","attenuated",0.411846296296297,TRUE,TRUE,TRUE,TRUE,FALSE,FALSE,3
"PLOD3",1.17463331628682,2.47729263568236e-06,"turquoise","up",0.876368497096343,0.836298027777774,TRUE,"Schwann/tumour",1.97413886726417e-06,0.576085894108356,"composition-consistent","attenuated",0.836298027777774,TRUE,TRUE,TRUE,TRUE,FALSE,FALSE,3
"SUCLG2",1.24644320774788,2.51143258241926e-06,"turquoise","up",0.862090523582415,0.0936923518518498,TRUE,"Pericyte",-0.178415104051296,0.40986353810886,"ambiguous/undetermined","attenuated",0.0936923518518498,TRUE,TRUE,TRUE,TRUE,FALSE,FALSE,3
"HYCC1",1.19559830448111,2.76918849716772e-06,"turquoise","up",0.865423602673734,0.329531185185187,TRUE,NA,NA,NA,"ambiguous/undetermined","attenuated",0.329531185185187,TRUE,TRUE,TRUE,TRUE,FALSE,FALSE,3
"ARHGAP12",1.1400513844071,2.83535477466294e-06,"turquoise","up",0.872421460791981,0.194362685185187,TRUE,"Fibroblast",-0.258851256513762,0.417774863072288,"ambiguous/undetermined","attenuated",0.194362685185187,TRUE,TRUE,TRUE,TRUE,FALSE,FALSE,3
"TMEM50B",1.04646831742483,2.85990864528199e-06,"turquoise","up",0.862322547520686,0.0568466666666634,TRUE,"Schwann/tumour",1.93122045082764e-06,0.355114993500199,"composition-consistent","attenuated",0.0568466666666634,TRUE,TRUE,TRUE,TRUE,FALSE,FALSE,3
"CFAP20",1.24962730782344,2.91986663793524e-06,"turquoise","up",0.865208376413151,0.871353583333335,TRUE,"Schwann/tumour",2.73449503813964e-06,0.153628833816936,"composition-consistent","attenuated",0.871353583333335,TRUE,TRUE,TRUE,TRUE,FALSE,FALSE,3
"KYAT3",1.03651657175251,2.93498158608712e-06,"turquoise","up",0.856211120830849,0.831801333333333,TRUE,"Schwann/tumour",-2.60049829497327e-05,0.208640791555892,"composition-consistent","attenuated",0.831801333333333,TRUE,TRUE,TRUE,TRUE,FALSE,FALSE,3
"MAP4K5",1.14777311810409,3.12203427340614e-06,"turquoise","up",0.918587551594847,0.481872129629627,TRUE,"Schwann/tumour",1.10210095478287e-06,0.635219920728644,"composition-consistent","attenuated",0.481872129629627,TRUE,TRUE,TRUE,TRUE,FALSE,FALSE,3
"LMBRD2",1.27271970600771,3.26086979433726e-06,"turquoise","up",0.942692360899181,0.0471227870370381,TRUE,"Schwann/tumour",-2.03922921301288e-06,0.237895195471447,"composition-consistent","attenuated",0.0471227870370381,TRUE,TRUE,TRUE,TRUE,FALSE,FALSE,3
"WASHC3",1.2324652458936,3.75266779529535e-06,"turquoise","up",0.845678306887574,0.140621759259259,TRUE,"Schwann/tumour",2.08930934741525e-05,0.552649110451164,"composition-consistent","attenuated",0.140621759259259,TRUE,TRUE,TRUE,TRUE,FALSE,FALSE,3
"EXOSC10",1.08127898613416,4.26375027468311e-06,"turquoise","up",0.888866612838248,0.511433740740742,TRUE,"Schwann/tumour",1.06094190972673e-06,0.884363081529967,"composition-consistent","attenuated",0.511433740740742,TRUE,TRUE,TRUE,TRUE,FALSE,FALSE,3
"ADI1",1.34625130072938,4.33957468242697e-06,"turquoise","up",0.890226862592608,0.696283712962964,TRUE,"Fibroblast",0.359173805866634,0.0865969182910175,"ambiguous/undetermined","attenuated",0.696283712962964,TRUE,TRUE,TRUE,TRUE,FALSE,FALSE,3
"LRRCC1",1.23376672194141,4.91249847683031e-06,"turquoise","up",0.908301047381701,0.141112472222222,TRUE,"Pericyte",-0.113572188919689,0.599572340385353,"ambiguous/undetermined","attenuated",0.141112472222222,TRUE,TRUE,TRUE,TRUE,FALSE,FALSE,3
"SOS2",1.08359068570779,5.45245778538442e-06,"turquoise","up",0.912908797599437,1.1094149074074,TRUE,"Schwann/tumour",-1.87757951348253e-07,0.0678727318840657,"composition-consistent","attenuated",1.1094149074074,TRUE,TRUE,TRUE,TRUE,FALSE,FALSE,3
"PRXL2C",1.28104189330147,5.56420494571017e-06,"turquoise","up",0.855705907320573,0.616823222222223,TRUE,"Pericyte",-0.0146508924826014,0.78589931428034,"ambiguous/undetermined","attenuated",0.616823222222223,TRUE,TRUE,TRUE,TRUE,FALSE,FALSE,3
"ETAA1",1.36846124459676,5.59308837104597e-06,"turquoise","up",0.850414518598764,0.320064500000001,TRUE,"Schwann/tumour",1.4653332350472e-05,0.975823052052312,"composition-consistent","attenuated",0.320064500000001,TRUE,TRUE,TRUE,TRUE,FALSE,FALSE,3
"DCTN6",1.10495093093061,5.98278077087918e-06,"turquoise","up",0.893412759651736,0.166045092592594,TRUE,"Pericyte",0.152208426654877,0.473870954008679,"ambiguous/undetermined","attenuated",0.166045092592594,TRUE,TRUE,TRUE,TRUE,FALSE,FALSE,3
"RDX",1.26339208701619,5.98484130482734e-06,"turquoise","up",0.863499116695601,1.25520194444444,TRUE,"Endothelial",3.77792936593308e-06,0.446395168287997,"ambiguous/undetermined","attenuated",1.25520194444444,TRUE,TRUE,TRUE,TRUE,FALSE,FALSE,3
"MTM1",1.03674050580031,6.46383669843274e-06,"turquoise","up",0.931615180433325,0.159512250000001,TRUE,"Endothelial",-1.63645781616199e-06,0.510787161893159,"ambiguous/undetermined","attenuated",0.159512250000001,TRUE,TRUE,TRUE,TRUE,FALSE,FALSE,3
"KGD4",1.25448414527448,6.75672915606937e-06,"turquoise","up",0.904996949697222,0.590509333333334,TRUE,NA,NA,NA,"ambiguous/undetermined","attenuated",0.590509333333334,TRUE,TRUE,TRUE,TRUE,FALSE,FALSE,3
"GTF2H5",1.03415780899307,6.83114698328135e-06,"turquoise","up",0.857368659410876,0.731640351851853,TRUE,"Schwann/tumour",2.91836894600568e-06,0.322519256971404,"composition-consistent","attenuated",0.731640351851853,TRUE,TRUE,TRUE,TRUE,FALSE,FALSE,3
"IPO8",1.11707972051735,6.93158019825821e-06,"turquoise","up",0.965433015964389,0.370280157407407,TRUE,"Endothelial",-4.63737318810828e-06,0.23811655041087,"ambiguous/undetermined","attenuated",0.370280157407407,TRUE,TRUE,TRUE,TRUE,FALSE,FALSE,3
"PDCD4",1.03932514375713,7.11485570837607e-06,"turquoise","up",0.851641434371095,-0.0572448148148101,FALSE,"T cell",1.16565256465282e-05,0.00765702584690765,"both","attenuated",-0.0572448148148101,FALSE,TRUE,FALSE,TRUE,TRUE,FALSE,3
"RUNX1T1",-1.25127924548111,7.23352627175213e-06,"yellow","down",0.866177799855029,-3.39313024074074,TRUE,"Fibroblast",-0.509782003988639,0.152729307874606,"composition-consistent","attenuated",-3.39313024074074,TRUE,TRUE,TRUE,TRUE,FALSE,FALSE,3
"RAB10",1.28519708996145,1.18890902993417e-05,"turquoise","up",0.879409746136324,1.09715546296296,TRUE,"Myeloid",2.4757509706716e-06,0.687614868494133,"composition-consistent","attenuated",1.09715546296296,TRUE,TRUE,TRUE,TRUE,FALSE,FALSE,3
"SPART",1.15332915309561,1.22575301746046e-05,"turquoise","up",0.895713942619872,0.667491787037038,TRUE,"Fibroblast",-0.340667338284819,0.1942329504262,"ambiguous/undetermined","attenuated",0.667491787037038,TRUE,TRUE,TRUE,TRUE,FALSE,FALSE,3
"CAPN6",-1.6045346820825,1.39126416491659e-05,"yellow","down",0.82251944491434,-2.06946674074074,TRUE,"Fibroblast",-0.172933872425146,0.416889601550138,"composition-consistent","attenuated",-2.06946674074074,TRUE,TRUE,TRUE,TRUE,FALSE,FALSE,3
"PCDH18",-1.69053627265767,1.42605225189138e-05,"yellow","down",0.814408362922782,-3.44747455555556,TRUE,"Fibroblast",-0.754784933141783,0.0808143949870179,"composition-consistent","attenuated",-3.44747455555556,TRUE,TRUE,TRUE,TRUE,FALSE,FALSE,3
"FAM229B",1.34757613064842,1.45219993320216e-05,"turquoise","up",0.874441127109373,0.558564046296296,TRUE,"Schwann/tumour",2.48296203734493e-06,0.233741450582147,"composition-consistent","attenuated",0.558564046296296,TRUE,TRUE,TRUE,TRUE,FALSE,FALSE,3
"WASHC5",1.01066224809946,1.46650716288299e-05,"turquoise","up",0.892368435122629,0.819398129629629,TRUE,"Myeloid",4.02661711150031e-06,0.274910294401348,"composition-consistent","attenuated",0.819398129629629,TRUE,TRUE,TRUE,TRUE,FALSE,FALSE,3
"SNX14",1.10613831474942,1.51558145255853e-05,"turquoise","up",0.936927710140456,0.435306703703704,TRUE,"Myeloid",1.77442190710872e-07,0.984018279837603,"composition-consistent","attenuated",0.435306703703704,TRUE,TRUE,TRUE,TRUE,FALSE,FALSE,3
"KIF21A",1.29780214132228,1.54100752899413e-05,"turquoise","up",0.807190612377018,0.56761014814815,TRUE,"T cell",9.79029885903048e-07,0.685822509405232,"composition-consistent","attenuated",0.56761014814815,TRUE,TRUE,TRUE,TRUE,FALSE,FALSE,3
"EEA1",1.39353749129761,1.56256137345456e-05,"turquoise","up",0.893725833724625,0.0301792592592598,TRUE,"Pericyte",-0.0323926178232062,0.857960408727688,"ambiguous/undetermined","attenuated",0.0301792592592598,TRUE,TRUE,TRUE,TRUE,FALSE,FALSE,3
"PYROXD1",1.0624547768512,1.62075958564105e-05,"turquoise","up",0.891928148268803,0.598813805555556,TRUE,"T cell",7.53661826149498e-07,0.824864540427436,"composition-consistent","attenuated",0.598813805555556,TRUE,TRUE,TRUE,TRUE,FALSE,FALSE,3
"PAK2",1.05970458973863,1.78581469399419e-05,"turquoise","up",0.945069724909344,0.905539018518519,TRUE,"Endothelial",-3.53169317767882e-06,0.532156723873501,"ambiguous/undetermined","attenuated",0.905539018518519,TRUE,TRUE,TRUE,TRUE,FALSE,FALSE,3
"AKTIP",1.04208795464688,1.92583805309677e-05,"turquoise","up",0.927698702086565,0.430056842592593,TRUE,"Pericyte",-0.235373013130003,0.302525983884484,"ambiguous/undetermined","attenuated",0.430056842592593,TRUE,TRUE,TRUE,TRUE,FALSE,FALSE,3
"KIFBP",1.00122977351735,1.92769444195795e-05,"turquoise","up",0.894637259996587,0.113383657407406,TRUE,NA,NA,NA,"ambiguous/undetermined","attenuated",0.113383657407406,TRUE,TRUE,TRUE,TRUE,FALSE,FALSE,3
"MTR",1.00113685482036,1.98550917785947e-05,"turquoise","up",0.870629619337115,0.0475642407407406,TRUE,"Pericyte",-0.453141775460925,0.0717815536328029,"ambiguous/undetermined","attenuated",0.0475642407407406,TRUE,TRUE,TRUE,TRUE,FALSE,FALSE,3
"ARMC10",1.07080979778952,2.8433767134744e-05,"turquoise","up",0.909039320915146,0.279394851851849,TRUE,"Pericyte",-0.089432529371921,0.592395676681634,"ambiguous/undetermined","attenuated",0.279394851851849,TRUE,TRUE,TRUE,TRUE,FALSE,FALSE,3
"SELENOI",1.11266681928836,2.86485184230822e-05,"turquoise","up",0.848570353960701,0.785439018518519,TRUE,"Schwann/tumour",2.98645371648255e-07,0.864984256914242,"composition-consistent","attenuated",0.785439018518518,TRUE,TRUE,TRUE,TRUE,FALSE,FALSE,3
"TRPM7",1.00220303561912,2.87152933639181e-05,"turquoise","up",0.964142000320523,0.260911018518518,TRUE,"Fibroblast",-0.0408783787713675,0.868777256028547,"ambiguous/undetermined","attenuated",0.260911018518518,TRUE,TRUE,TRUE,TRUE,FALSE,FALSE,3
"LYVE1",-1.5025248006091,2.9489000544577e-05,"yellow","down",0.801576356720525,-2.60373416666667,TRUE,"Pericyte",-0.256881098479308,0.232081397417121,"composition-consistent","attenuated",-2.60373416666667,TRUE,TRUE,TRUE,TRUE,FALSE,FALSE,3
"OSGIN2",1.06669600954665,3.18137526698202e-05,"turquoise","up",0.822454383548587,0.758384157407406,TRUE,"Schwann/tumour",1.19657337556914e-05,0.79236293331431,"composition-consistent","attenuated",0.758384157407406,TRUE,TRUE,TRUE,TRUE,FALSE,FALSE,3
"RIMOC1",1.07190713618042,3.18173244561586e-05,"turquoise","up",0.912822275842446,0.353675249999997,TRUE,NA,NA,NA,"ambiguous/undetermined","attenuated",0.353675249999997,TRUE,TRUE,TRUE,TRUE,FALSE,FALSE,3
"MBOAT2",1.13220362338242,3.23377813281729e-05,"turquoise","up",0.921593415518497,0.730577703703702,TRUE,"Schwann/tumour",-2.52850820368503e-06,0.245455893572318,"composition-consistent","attenuated",0.730577703703702,TRUE,TRUE,TRUE,TRUE,FALSE,FALSE,3
"MRPS18C",1.22791687612876,3.64508411730401e-05,"turquoise","up",0.840985138743943,0.391792574074072,TRUE,"Pericyte",0.0654925215008434,0.763175082309518,"ambiguous/undetermined","attenuated",0.391792574074072,TRUE,TRUE,TRUE,TRUE,FALSE,FALSE,3
"UBLCP1",1.05481811068389,4.27256544906569e-05,"turquoise","up",0.850888962527893,1.01562844444444,TRUE,"T cell",3.92285200321325e-06,0.251995735387346,"composition-consistent","attenuated",1.01562844444444,TRUE,TRUE,TRUE,TRUE,FALSE,FALSE,3
"FLRT2",-1.35458050515652,4.53134178713392e-05,"yellow","down",0.876635763236173,-4.31993357407408,TRUE,"Fibroblast",-0.219376713747378,0.409850236269557,"composition-consistent","attenuated",-4.31993357407408,TRUE,TRUE,TRUE,TRUE,FALSE,FALSE,3
"ANK2",1.20931899509406,4.97871210768946e-05,"turquoise","up",0.8109150794044,1.57792379629629,TRUE,"Fibroblast",-0.522462218115706,0.132079446609821,"ambiguous/undetermined","attenuated",1.57792379629629,TRUE,TRUE,TRUE,TRUE,FALSE,FALSE,3
"ARHGEF12",1.01486679125983,5.14855601019506e-05,"turquoise","up",0.909612536152812,0.61203037037037,TRUE,"Endothelial",-1.55261696894178e-05,0.180186971571238,"ambiguous/undetermined","attenuated",0.61203037037037,TRUE,TRUE,TRUE,TRUE,FALSE,FALSE,3
"CEP170",1.57170356043794,6.03992072554013e-05,"turquoise","up",0.900371334100705,1.09344687037037,TRUE,"Myeloid",9.00522726949604e-06,0.0649912335632512,"composition-consistent","attenuated",1.09344687037037,TRUE,TRUE,TRUE,TRUE,FALSE,FALSE,3
"TSPAN5",1.10119899501234,9.50652049876651e-05,"turquoise","up",0.818818275870045,0.690455824074073,TRUE,"Schwann/tumour",-5.90788513049652e-07,0.743190617093086,"composition-consistent","attenuated",0.690455824074073,TRUE,TRUE,TRUE,TRUE,FALSE,FALSE,3
"CRYZ",1.06791087865845,0.00012286034081314,"turquoise","up",0.833418092424495,0.207168444444444,TRUE,"Fibroblast",-0.440055509557584,0.137176768530103,"ambiguous/undetermined","attenuated",0.207168444444444,TRUE,TRUE,TRUE,TRUE,FALSE,FALSE,3
"PRKD1",1.06901955250347,0.000139988333861616,"turquoise","up",0.800375480495555,0.118274407407409,TRUE,"Schwann/tumour",-4.95765088922684e-06,0.0570245428900043,"composition-consistent","attenuated",0.118274407407409,TRUE,TRUE,TRUE,TRUE,FALSE,FALSE,3
"ATP6V1D",1.17476600725983,0.000146046936001831,"turquoise","up",0.820544749783116,0.516477416666664,TRUE,"Pericyte",0.194735690198531,0.367556844624009,"ambiguous/undetermined","attenuated",0.516477416666664,TRUE,TRUE,TRUE,TRUE,FALSE,FALSE,3
"SCRN3",1.02686155242097,0.000180422085347135,"turquoise","up",0.904656765512575,0.268922175925926,TRUE,"Endothelial",-1.01926874197465e-06,0.620483213511154,"ambiguous/undetermined","attenuated",0.268922175925926,TRUE,TRUE,TRUE,TRUE,FALSE,FALSE,3
"OLFML1",-1.40032486555204,0.000204788114045877,"yellow","down",0.865187748895327,-2.26332052777778,TRUE,"Fibroblast",-0.777202331845693,0.0776633565996503,"composition-consistent","attenuated",-2.26332052777778,TRUE,TRUE,TRUE,TRUE,FALSE,FALSE,3
"ABCA2",1.19151890290825,0.000240384513466825,"turquoise","up",0.846288741856474,0.975908870370372,TRUE,"Schwann/tumour",-3.2552906763875e-06,0.146502624793657,"composition-consistent","attenuated",0.975908870370372,TRUE,TRUE,TRUE,TRUE,FALSE,FALSE,3
"SLIT3",-1.04149713925983,0.000255271793148332,"yellow","down",0.840776205273589,-3.11117056481482,TRUE,"Pericyte",0.116767690120958,0.583061236024895,"composition-consistent","attenuated",-3.11117056481482,TRUE,TRUE,TRUE,TRUE,FALSE,FALSE,3
"TFPI",-1.3801771368219,0.000259835276799529,"yellow","down",0.807168512732254,-3.65743214814815,TRUE,"Fibroblast",-0.105915980370892,0.699696687699699,"composition-consistent","attenuated",-3.65743214814815,TRUE,TRUE,TRUE,TRUE,FALSE,FALSE,3
"C6orf62",1.00598733241326,0.000373905632317489,"turquoise","up",0.809252123334774,1.13205787037037,TRUE,"Myeloid",-9.88223036302928e-06,0.0516755062790485,"composition-consistent","attenuated",1.13205787037037,TRUE,TRUE,TRUE,TRUE,FALSE,FALSE,3
"AKR1C3",-1.13296532143331,0.000426719337950639,"yellow","down",0.806759938524068,-1.46141503703704,TRUE,"Endothelial",-1.16318887885125e-06,0.378638695461109,"composition-consistent","attenuated",-1.46141503703704,TRUE,TRUE,TRUE,TRUE,FALSE,FALSE,3
"OMD",-1.4557325088643,0.000671473751307089,"yellow","down",0.86559458837125,-5.59605477777778,TRUE,"Fibroblast",-0.163050229826207,0.499880160952332,"composition-consistent","attenuated",-5.59605477777778,TRUE,TRUE,TRUE,TRUE,FALSE,FALSE,3
"ASPA",2.24013753268928,2.37693418244537e-09,"turquoise","up",0.855154634310864,-0.202681777777778,FALSE,"Schwann/tumour",-4.95495581432438e-07,0.813459293016424,"composition-consistent","attenuated",-0.202681777777778,FALSE,TRUE,FALSE,TRUE,FALSE,FALSE,2
"TCEAL1",1.11575581138165,2.89257428638723e-08,"turquoise","up",0.91840914877593,-0.0925207592592567,FALSE,"Pericyte",-0.20283496317575,0.345244840217503,"ambiguous/undetermined","attenuated",-0.0925207592592567,FALSE,TRUE,FALSE,TRUE,FALSE,FALSE,2
"CAT",1.17490771481958,4.22590374428388e-08,"turquoise","up",0.847832423857708,-0.102621944444447,FALSE,"Myeloid",6.26968713922771e-06,0.884503015758125,"composition-consistent","attenuated",-0.102621944444447,FALSE,TRUE,FALSE,TRUE,FALSE,FALSE,2
"VAMP4",1.08744043537625,4.34480755949992e-07,"turquoise","up",0.873703464735825,-0.233369185185186,FALSE,"Pericyte",-0.118011080884449,0.587003899649293,"ambiguous/undetermined","attenuated",-0.233369185185186,FALSE,TRUE,FALSE,TRUE,FALSE,FALSE,2
"RPS6KA5",1.34330907422205,1.04194881736807e-06,"turquoise","up",0.834901197158871,-0.163495925925925,FALSE,"Schwann/tumour",-2.49858212791498e-06,0.444492898443882,"composition-consistent","attenuated",-0.163495925925925,FALSE,TRUE,FALSE,TRUE,FALSE,FALSE,2
"KCTD3",1.28057931532691,1.20109630780831e-06,"turquoise","up",0.896791279478257,-0.00300344444444178,FALSE,"Schwann/tumour",1.77529675652259e-06,0.34795148508875,"composition-consistent","attenuated",-0.00300344444444178,FALSE,TRUE,FALSE,TRUE,FALSE,FALSE,2
"SLU7",1.14783061384889,4.80715161271346e-06,"turquoise","up",0.923494515828585,-0.188978518518518,FALSE,"Fibroblast",-0.375368836908969,0.25120537940707,"ambiguous/undetermined","attenuated",-0.188978518518518,FALSE,TRUE,FALSE,TRUE,FALSE,FALSE,2
"ATOSA",1.09496961924672,5.4780887031248e-06,"turquoise","up",0.870095502130309,-0.0291731944444447,FALSE,NA,NA,NA,"ambiguous/undetermined","attenuated",-0.0291731944444447,FALSE,TRUE,FALSE,TRUE,FALSE,FALSE,2
"LYRM9",1.38686069182421,5.91738075528455e-06,"turquoise","up",0.862282553046198,-0.408316111111112,FALSE,"Schwann/tumour",-4.33760203654694e-06,0.0391630713945841,"composition-consistent","attenuated",-0.408316111111112,FALSE,TRUE,FALSE,TRUE,FALSE,FALSE,2
"EZH1",1.16345119314804,6.62769275005858e-06,"turquoise","up",0.864785034245142,-0.445090222222222,FALSE,"Fibroblast",-0.485639457440831,0.185871286602716,"ambiguous/undetermined","attenuated",-0.445090222222221,FALSE,TRUE,FALSE,TRUE,FALSE,FALSE,2
"BRD10",1.02791378578258,6.82849889961066e-06,"turquoise","up",0.96630871453805,-0.0766594444444433,FALSE,NA,NA,NA,"ambiguous/undetermined","attenuated",-0.0766594444444433,FALSE,TRUE,FALSE,TRUE,FALSE,FALSE,2
"KIF13B",1.12515655257672,8.68092020797526e-06,"turquoise","up",0.817169191430556,-1.12345246296296,FALSE,"Schwann/tumour",3.33036896698159e-06,0.726315180532883,"composition-consistent","attenuated",-1.12345246296296,FALSE,TRUE,FALSE,TRUE,FALSE,FALSE,2
"PTBP2",1.03809171303855,1.44937194415604e-05,"turquoise","up",0.931891954308002,-0.5457262962963,FALSE,"Schwann/tumour",-6.78155184613149e-07,0.824818784085879,"composition-consistent","attenuated",-0.5457262962963,FALSE,TRUE,FALSE,TRUE,FALSE,FALSE,2
"FRYL",1.06012739577024,1.45219993320216e-05,"turquoise","up",0.929822380806226,-0.130618444444442,FALSE,"Endothelial",-3.5420225450672e-07,0.910756035635856,"ambiguous/undetermined","attenuated",-0.130618444444442,FALSE,TRUE,FALSE,TRUE,FALSE,FALSE,2
"SCAPER",1.03004876519815,1.49759265783784e-05,"turquoise","up",0.883142164837206,-0.109849092592594,FALSE,"Endothelial",-6.12655029326292e-06,0.0503122415441627,"ambiguous/undetermined","attenuated",-0.109849092592594,FALSE,TRUE,FALSE,TRUE,FALSE,FALSE,2
"RFTN2",1.38277049298458,1.94395514166174e-05,"turquoise","up",0.815900331566405,-0.074340833333336,FALSE,"Schwann/tumour",3.44191589141655e-08,0.992511472673765,"composition-consistent","attenuated",-0.074340833333336,FALSE,TRUE,FALSE,TRUE,FALSE,FALSE,2
"ODR4",1.04876583029684,2.04870937869619e-05,"turquoise","up",0.93441102032672,-0.134668916666664,FALSE,"Endothelial",-5.46029689540854e-06,0.0828551868465595,"ambiguous/undetermined","attenuated",-0.134668916666664,FALSE,TRUE,FALSE,TRUE,FALSE,FALSE,2
"FAM177A1",1.14108539831612,3.13660199681779e-05,"turquoise","up",0.898191582490964,-0.0251791851851877,FALSE,"T cell",3.69674191241416e-07,0.829648690635284,"composition-consistent","attenuated",-0.0251791851851877,FALSE,TRUE,FALSE,TRUE,FALSE,FALSE,2
"ZBTB20",1.39218665702776,4.00979621958113e-05,"turquoise","up",0.827991729907364,-0.160337314814816,FALSE,"Fibroblast",-0.293006449404774,0.374614951510984,"ambiguous/undetermined","attenuated",-0.160337314814816,FALSE,TRUE,FALSE,TRUE,FALSE,FALSE,2
"EMC2",1.03117780192136,8.76173971853766e-05,"turquoise","up",0.8697600582726,-0.0406321666666667,FALSE,"Pericyte",0.0383935238831272,0.807670945619413,"ambiguous/undetermined","attenuated",-0.0406321666666667,FALSE,TRUE,FALSE,TRUE,FALSE,FALSE,2
