gene,logFC,P.Value,adj.P.Val
NRG1,2.24649898812876,1.09350129431776e-20,1.57313835815415e-16
L1CAM,3.98507776602698,1.81571832658605e-20,1.57313835815415e-16
GPR155,3.22567279711951,2.71992605540256e-19,1.57102928960052e-15
MOXD1,2.9493065073431,7.5401028460027e-19,3.26637255288837e-15
BDKRB2,-1.6830707947155,2.59934739958986e-18,9.00829834801863e-15
NLGN4X,2.54033397623824,5.63791039951076e-18,1.62822852337871e-14
NCAM2,2.76006595202236,7.32345046607072e-18,1.81286785251534e-14
FCGBP,3.14337433953817,2.16276549075368e-17,3.59580682001826e-14
EHBP1,2.05839585952969,2.2385311670099e-17,3.59580682001826e-14
SCN9A,2.30007306218273,2.28098138279833e-17,3.59580682001826e-14
CDH19,3.46951275893832,2.28265668399128e-17,3.59580682001826e-14
ATF7IP2,2.0202601556222,2.53903079723622e-17,3.6663604712091e-14
PRRX1,-3.02065103459599,2.75408951838833e-17,3.67098947497177e-14
SLC35F1,2.3971609271172,3.14778866545172e-17,3.8960629996391e-14
HRH1,-1.59148918529607,4.15876159876108e-17,4.8042013988888e-14
IFI44,2.59447874633385,1.42534517113086e-16,1.54364882033472e-13
RASSF4,2.73019276535235,1.78665510917825e-16,1.82112704304946e-13
AR,-1.08179048347648,2.20344182681833e-16,2.12117999861711e-13
ALDH3B1,1.44271529113107,2.49011377729154e-16,2.27098376488988e-13
PRIMA1,2.24036770984503,2.64742264377666e-16,2.2937269785681e-13
LGI4,2.63774359106014,2.9121062568209e-16,2.40290367705679e-13
GRB14,2.93027134282884,3.77287492193698e-16,2.97165348396927e-13
KCTD1,1.76417942196299,5.42421931392814e-16,3.93379566117465e-13
PDGFD,2.52102636918273,5.44847044484023e-16,3.93379566117465e-13
LRMDA,1.60581709572784,6.54436696610756e-16,4.53603163154847e-13
PROS1,2.30438355822668,6.9919559179631e-16,4.65986969794094e-13
PTPRJ,1.54188994508559,7.8887357768959e-16,5.05911902891027e-13
SCN7A,3.64605147840941,8.17493841236655e-16,5.05911902891027e-13
POPDC1,1.94234982372552,1.04919974243172e-15,6.2615431010234e-13
RRM2B,1.5930803883431,1.08406217122981e-15,6.2615431010234e-13
NIM1K,2.09380132235621,1.19381110745818e-15,6.67301899033398e-13
CHL1,3.09456496908404,1.24317187851565e-15,6.73177572216222e-13
PLA2G2A,-2.75044678238088,1.40514426899973e-15,7.37828481612949e-13
ARHGAP15,2.89591876648497,1.62374988941182e-15,8.01675436270358e-13
IFIT3,2.35214454365844,1.70175547498271e-15,8.01675436270358e-13
ALDH1A1,2.87219547688281,1.71107675488882e-15,8.01675436270358e-13
PAWR,-1.12787998503238,1.71179542601588e-15,8.01675436270358e-13
FSTL3,1.43353200778412,1.79548486181775e-15,8.18741096988894e-13
PDZD2,2.56001570504703,1.89259743416853e-15,8.40895598442881e-13
SLC16A7,-1.5278691966276,2.16873701982634e-15,9.19007482864573e-13
ARHGEF26,2.69407597807171,2.22751121192937e-15,9.19007482864573e-13
IFIT2,2.35624461088744,3.40415689875014e-15,1.3717960637568e-12
MIR1915HG,2.73460499671627,3.70863780776185e-15,1.46052899847494e-12
ASS1,-1.84372547330069,3.83140086616754e-15,1.47534476019892e-12
KCNMB4,2.30494496324904,7.59744999380291e-15,2.86192638027428e-12
JAKMIP2,2.31392950279414,8.33238308087933e-15,3.07199008564845e-12
VLDLR,2.22164568815652,1.01685621361465e-14,3.66272897295761e-12
NRXN1,2.55282899089129,1.03574399627726e-14,3.66272897295761e-12
LOC653653,2.51315545809792,1.10275360294094e-14,3.82170288635214e-12
ST6GALNAC2,2.5353096514973,1.24028906339375e-14,4.21406448833077e-12
FOXP2,-1.24795212342945,1.39802114587195e-14,4.65795535210926e-12
ANK3,2.41360839996531,1.42469779352372e-14,4.65795535210926e-12
PDE1C,1.54964784448034,1.4857095735995e-14,4.7674769428393e-12
CLMP,-1.89879292869622,2.36175529681191e-14,7.28035245035821e-12
ARHGAP24,1.6093174779229,2.36782152886493e-14,7.28035245035821e-12
PPFIBP2,1.59844644115266,2.39485277972309e-14,7.28035245035821e-12
RCAN3,1.44529347103932,2.45676686914841e-14,7.33980281182821e-12
SLIT2,2.43801622682961,2.56419842464156e-14,7.53092039020152e-12
RENBP,1.21845005830224,2.75572291468252e-14,7.95852777760312e-12
IL34,1.98184804847109,2.90730872402261e-14,8.25866320817439e-12
PI16,-2.45110687645952,3.95119158034605e-14,1.10429431781026e-11
STS,2.07332262642791,4.13860452848377e-14,1.13831332173916e-11
MET,2.20364965756052,4.47886912540356e-14,1.21265381570301e-11
CCND1,1.62749978802853,4.83499995784486e-14,1.2889366041467e-11
CCDC9B,1.28158751753585,4.93529398230062e-14,1.29573900189856e-11
KCNJ15,-1.34280532483731,5.19880648206012e-14,1.34455102568862e-11
PAK3,-2.11744213773169,5.4971580665866e-14,1.40080522026195e-11
SORCS1,2.43272390078489,6.2079969715783e-14,1.55491131335179e-11
SDC3,1.61358616399769,6.28138226769537e-14,1.55491131335179e-11
GPR34,3.57715594829298,6.86773027052278e-14,1.676113100389e-11
GFRA1,2.17695898543717,7.73362556050039e-14,1.84268300834621e-11
ADAM23,3.23099041546723,7.76291895252038e-14,1.84268300834621e-11
AFDN,-1.54152593546106,8.72568838359565e-14,2.04322605825602e-11
ZNF347,2.20932388272167,8.85824109493864e-14,2.04660802257462e-11
MARCHF1,1.91409955121974,9.29812482649421e-14,2.10364878316034e-11
FCGR3A,3.0853493726091,1.0609614890668e-13,2.35696675417302e-11
RAB3C,-1.26123363403701,1.16929921808511e-13,2.56476162670617e-11
SPATA18,1.80747274063608,1.22478119724236e-13,2.62211759619229e-11
AHR,1.86115715594218,1.23003819427879e-13,2.62211759619229e-11
LGALS3BP,1.70577841284118,1.24187607719556e-13,2.62211759619229e-11
MCAM,1.93450001753971,1.2559773804476e-13,2.62211759619229e-11
TUBB2B,1.65630017832074,1.53145801674512e-13,3.1591791088285e-11
MFSD11,1.16849534049036,1.71190845402736e-13,3.46713102061669e-11
SEMA3B,2.39043737306477,1.72075985556922e-13,3.46713102061669e-11
NRCAM,2.4107897716569,1.84702394108197e-13,3.67876216678947e-11
DHRS3,1.39533378988281,1.88718912068867e-13,3.71604694128333e-11
RAB31,1.53927247963763,2.10117845372273e-13,4.09092362315815e-11
AK3,1.13176549778258,2.23250960465551e-13,4.29832515883008e-11
HPS5,1.63957722372244,2.30766393319166e-13,4.39419787190604e-11
ARSK,1.57354672762375,2.40182984849576e-13,4.5237943059494e-11
GAL3ST4,1.36184340383501,2.79046034889414e-13,5.19925773393954e-11
TJP2,-1.84906183566075,2.89356289067032e-13,5.33400614569524e-11
APOL4,-1.29646911157594,3.22831059458819e-13,5.88843852452886e-11
GFRA3,3.60499927038551,3.39862738960598e-13,6.0712799388755e-11
PTCHD4,1.89627607364071,3.52792297099329e-13,6.23794380013997e-11
CYB5R1,1.17162554922282,3.75288258109837e-13,6.56868175406794e-11
TMEM62,1.12970386384426,3.85600733303243e-13,6.6816895066786e-11
TMEM245,1.31794069880416,3.92342424084432e-13,6.73119754904458e-11
P2RY12,2.58332190420895,4.64068545589658e-13,7.80716481357049e-11
FABP4,-3.92368937910717,4.88218663663951e-13,8.13447404227783e-11
CCDC184,1.54783546587664,4.99472572361146e-13,8.24272450845137e-11
ST3GAL6,1.81691024336315,5.17559879791935e-13,8.46063924248552e-11
DNASE2,1.5423045548751,5.43902328613934e-13,8.75352537781351e-11
FBLN1,-2.17751430224903,5.45579836567324e-13,8.75352537781351e-11
ITPR3,1.99724271946184,5.59047682242505e-13,8.8873194843102e-11
AKAP7,1.8903391352128,5.76724373109532e-13,9.08498176112906e-11
SLC16A4,1.96911780117194,6.0418441717159e-13,9.33894434098873e-11
EPB41L4B,2.34258564101928,6.08879970180164e-13,9.33894434098873e-11
OSTM1,1.21063766823747,6.09014722144348e-13,9.33894434098873e-11
SEMA7A,1.91564438326138,6.43771588258499e-13,9.78532814152918e-11
C3AR1,2.22835006900772,6.61860808194123e-13,9.90400111699168e-11
APOBEC3G,1.66383992888975,6.63010231746904e-13,9.90400111699168e-11
UBA7,1.31260207601697,6.71043378260554e-13,9.93832449444348e-11
SOBP,-1.15042828999691,7.08599314795732e-13,1.03416432322436e-10
ADAMTS3,-1.45682012848805,7.10212110247572e-13,1.03416432322436e-10
KHDRBS3,1.34534577903701,9.32856233052109e-13,1.3397276210172e-10
TMEM176B,1.3896121553485,9.35520787991006e-13,1.3397276210172e-10
EPB41L2,1.72512974855898,9.94797394003025e-13,1.4129384625643e-10
KCNT2,-1.05141721708789,1.04571184685693e-12,1.47317844571845e-10
CXCL1,-1.43790626510563,1.10146866572724e-12,1.53921363223561e-10
TREM2,2.41605049740016,1.11147262617498e-12,1.54076781330881e-10
RASGEF1C,1.39155756773015,1.13631832837698e-12,1.56270825350129e-10
TMEM176A,2.35674474703316,1.17910063191927e-12,1.60877604329899e-10
MR1,1.41688461354356,1.19438278297945e-12,1.61689569245843e-10
BBS12,1.36752625489052,1.31468736003217e-12,1.75237712112595e-10
HLA-DOA,2.04220656458905,1.38946666225211e-12,1.83791437584004e-10
TLR3,1.70444877183346,1.40624255838156e-12,1.84601295845725e-10
SPATA13,1.82196172314495,1.46192202649441e-12,1.90467555451842e-10
STARD13,1.66371633774325,1.52707155466991e-12,1.96008117772742e-10
SEMA4B,1.41304356443408,1.59755179895866e-12,2.02148831192922e-10
SMIM29,1.08227639589206,1.5982450296301e-12,2.02148831192922e-10
THSD4,-1.43134023828064,1.69647361363586e-12,2.13018078094798e-10
FRMD4A,1.31134645728836,1.79487243220946e-12,2.23203617420076e-10
PLCH1,1.59213120001311,1.80335332633948e-12,2.23203617420076e-10
NCAM1,2.29990070972244,1.95517418622691e-12,2.40278427652056e-10
HSPB6,-1.13928885440941,2.05987610475486e-12,2.513629094591e-10
ZFPM2,-1.33274685053431,2.37063424146356e-12,2.81780232150857e-10
CHPF,1.40141390432614,2.37418708991373e-12,2.81780232150857e-10
APOBEC3A_B,-1.44456058388974,2.52471139712065e-12,2.97606796525896e-10
G0S2,-2.85252142053739,2.84481659706e-12,3.32391490961528e-10
SLC15A3,2.19391726891982,2.85816782971305e-12,3.32391490961528e-10
RGS6,-1.10608479937471,2.8894934574202e-12,3.33794284201182e-10
SAMD9L,1.75634801644025,3.00356902555659e-12,3.4024999541139e-10
TDRD7,1.45049558940787,3.00428493178339e-12,3.4024999541139e-10
FAM180A,-1.38393814148651,3.04733784005043e-12,3.42884870729831e-10
XPNPEP2,-1.16592558233307,3.27700445423673e-12,3.66347956019446e-10
NRXN3,2.15304313783963,3.4305124437178e-12,3.8105076682527e-10
HTATIP2,1.33470462238705,3.75044781200807e-12,4.1131493472453e-10
TRIM14,1.18381703327757,3.86180668851172e-12,4.20864064770636e-10
KIF16B,1.44174218569314,3.94626735377544e-12,4.25912162447244e-10
CACHD1,-1.63026197843793,3.95920267957605e-12,4.25912162447244e-10
ADAM17,1.3496846605667,4.18283420691073e-12,4.44663503910117e-10
ERBB2,1.37636772012722,4.28351203561035e-12,4.52458759385928e-10
A4GALT,-1.01979087346183,4.30838500107792e-12,4.52458759385928e-10
FIBIN,-2.03742797157209,4.42614134468834e-12,4.61074608648906e-10
SHOX2,-1.10306572683269,4.44364379295748e-12,4.61074608648906e-10
CCND2,1.75862173235853,4.58414122569686e-12,4.7184090872231e-10
TMOD2,2.47403164725444,4.6018648184482e-12,4.7184090872231e-10
CADM4,1.95996543689745,4.63513315616514e-12,4.72456396058998e-10
GLRB,1.76522077684426,4.89560788667545e-12,4.96088265849779e-10
RGS1,3.49597391524904,5.03666286186744e-12,5.07414500409529e-10
DSG2,-2.01299694605474,5.32532456057851e-12,5.3032887348106e-10
BLOC1S2,1.0260581288936,5.72850151816698e-12,5.672198531817e-10
USP53,2.18211892947263,5.84647766169981e-12,5.75612300692808e-10
TRIM22,1.5405785003061,5.96564359194917e-12,5.84026396391499e-10
IFI6,1.78078853007556,6.00164599287321e-12,5.84250122272511e-10
XKR4,1.93841546401003,6.16571440992005e-12,5.95867731142449e-10
SOX2,2.84800859849422,6.18976175009469e-12,5.95867731142449e-10
ARHGEF6,1.88589052147649,6.53329784036106e-12,6.2546400540208e-10
EGFR,-2.06827535855359,6.95157061828031e-12,6.58233965429297e-10
COL12A1,2.23315621568389,7.01585902830013e-12,6.60710898056438e-10
PIK3IP1,1.46339832467464,7.16456813271943e-12,6.67460411848184e-10
OBSL1,1.21469660155821,7.29802591705505e-12,6.76257717062727e-10
SMCO3,3.76086593205166,7.70737763265631e-12,7.08274355196073e-10
PPFIA2,-1.11005482010486,7.72529161657766e-12,7.08274355196073e-10
CYBB,2.03874474106476,7.88077794885302e-12,7.18726948935395e-10
ST3GAL4,1.4968429649761,7.99941923179455e-12,7.25727415960921e-10
ARFIP1,1.3289822996677,8.11432233574949e-12,7.285981309072e-10
CTNNAL1,1.89355755999461,8.11515692896408e-12,7.285981309072e-10
ITGB8,2.38900353778335,8.21528218662448e-12,7.31052461950285e-10
NEK6,1.53552527375328,8.9126851959113e-12,7.79994995327025e-10
MDM2,1.26806875730764,9.43926132190393e-12,8.21297806980155e-10
DRAM1,1.33865914777487,9.48020321016489e-12,8.21297806980155e-10
PPM1K,1.77290238564148,9.54486640107262e-12,8.21297806980155e-10
PDE3A,-1.49437891151889,9.57422420417771e-12,8.21297806980155e-10
TGFBR1,1.27348761683038,9.75962132227356e-12,8.33077429913085e-10
PARP9,1.47504140065228,9.92871266140834e-12,8.40605248361182e-10
MICALL2,1.09462605842483,9.94483355921297e-12,8.40605248361182e-10
LIPE,-1.01401433900848,1.01802927470904e-11,8.56330644279522e-10
SORCS3,1.94127341042791,1.17053085835359e-11,9.75142245843797e-10
CLMN,1.45400698489746,1.18386295278023e-11,9.81530011759608e-10
ZRSR2,1.2751885772714,1.2110022026619e-11,9.99249817510734e-10
DDX60,1.63801599131226,1.28363667100333e-11,1.05416380261354e-09
TMEM140,1.21646694164534,1.34472134116889e-11,1.09732238465931e-09
DPYD,1.18114761279877,1.34885542435615e-11,1.09732238465931e-09
DAG1,1.35907270053354,1.40166259446123e-11,1.13495371200113e-09
CYP2U1,1.46640136273632,1.44801276965782e-11,1.16703094291305e-09
WIPI1,1.46265592002236,1.47342741105402e-11,1.17889672843627e-09
ASAP2,1.32940012557132,1.47634227880119e-11,1.17889672843627e-09
HERC6,1.97595477707865,1.51779987450589e-11,1.20644202868982e-09
SP100,1.16493078481034,1.52580975712414e-11,1.20727084344507e-09
PPP1R14A,1.77294667551273,1.63375105390491e-11,1.28680173918474e-09
CAB39L,2.57722229259522,1.65361150182611e-11,1.29655113591144e-09
VGLL3,2.03254612718967,1.6661452558101e-11,1.30049391858907e-09
UNC93B1,1.25803191586508,1.75227335274109e-11,1.36158711463218e-09
LOXL3,1.33307969388281,1.78663993131842e-11,1.38209360401275e-09
BCL2,1.45631481676639,1.82244953179205e-11,1.40352913275079e-09
RHOJ,2.27255607135775,1.85490137042595e-11,1.42220048436906e-09
GULP1,2.10171409055359,1.96375928799872e-11,1.49903175957893e-09
SCN1B,1.19165191569931,2.05305880297738e-11,1.56032469026281e-09
FAM171B,-2.06516989125289,2.13976861390445e-11,1.60610931930996e-09
ANGPT1,-1.80783951236546,2.14110833772276e-11,1.60610931930996e-09
DTX3L,1.4410687005027,2.23520649043434e-11,1.66946802009682e-09
TM6SF1,1.81630319347803,2.27011971543025e-11,1.68105275337501e-09
PHF11,1.42642520474788,2.28805406170014e-11,1.68712343749532e-09
COBL,1.73244704067155,2.31610844645338e-11,1.70057318475187e-09
TSC22D1,1.18591228026137,2.45879849091487e-11,1.79772406120561e-09
TLE1,1.63020170967926,2.50500399877702e-11,1.82381131473984e-09
ITGA6,1.40748667601928,2.53157475931138e-11,1.8354446623158e-09
PTGIS,-1.9471685228828,2.55852753638862e-11,1.84725688127258e-09
GALNT2,1.00604848223747,2.60289568555643e-11,1.87149279831211e-09
USP32,1.22703795383886,2.7140435191684e-11,1.93927468370197e-09
NXPE3,1.23601895668929,2.71955071641031e-11,1.93927468370197e-09
ZNF536,1.9313292897047,3.07425283205449e-11,2.17726875487305e-09
SLC16A12,2.80202055801234,3.07843285401602e-11,2.17726875487305e-09
SLC35D2,1.50765021809869,3.18695976128502e-11,2.23707375964293e-09
SHC4,1.78120115699769,3.19127515339301e-11,2.23707375964293e-09
SPP1,2.87356935853971,3.43878935513393e-11,2.37693418244537e-09
ASPA,2.24013753268928,3.44575624257879e-11,2.37693418244537e-09
HLA-DMB,2.13776713966461,3.45633291125637e-11,2.37693418244537e-09
NFE2,-1.18318521878412,3.45676023762831e-11,2.37693418244537e-09
FCN1,-1.50494769687278,3.54544381868588e-11,2.4227800542009e-09
CCL21,-1.09357498955975,3.55139735553456e-11,2.4227800542009e-09
THRB,-1.117005231367,3.58191233560812e-11,2.43401478240853e-09
AKIP1,1.05607102381419,3.64782936020651e-11,2.46912449818978e-09
MLPH,-1.16292469542714,3.71342548744972e-11,2.50374462437855e-09
SMAD9,-1.25314903477024,3.79351726142587e-11,2.54783205837161e-09
ANXA3,2.18370622703547,3.82583148949521e-11,2.55961421042367e-09
MID1,1.85780204931535,3.85742920869723e-11,2.57082820493483e-09
SLFN12,1.55746016619661,3.92333601156411e-11,2.60473434514877e-09
PDGFRA,-2.27180911341943,3.98210100162667e-11,2.63365825023615e-09
EYA1,-1.13995642417117,4.09463264277703e-11,2.68756797098638e-09
KLHL24,1.39633863581496,4.43682129454341e-11,2.89027215758828e-09
WASHC4,1.53307573599152,4.45688314369059e-11,2.8924670829165e-09
MTCL3,1.86776741613724,4.48439147495503e-11,2.89946027903062e-09
CDH2,2.10970376588512,4.68305223963778e-11,3.01665164343656e-09
RNASE6,2.4502783283431,4.90125098636024e-11,3.14551396635742e-09
CTDSPL,1.23497851989206,4.96729957683933e-11,3.17613900617978e-09
SLC30A4,1.37861264631303,5.09541100367782e-11,3.24607653940181e-09
PDGFB,1.48427334697996,5.53825126795309e-11,3.48269260478884e-09
FGF10,-1.37055393039398,5.54722506302932e-11,3.48269260478884e-09
YEATS2,1.14891537544796,5.68740964441842e-11,3.54501562296699e-09
SYNJ2,-1.35610069093909,5.84571499071172e-11,3.63062900928504e-09
WWP1,1.60321199086045,5.88363380558532e-11,3.64112880654223e-09
UCHL1,2.03166684472244,6.13339084274662e-11,3.76877292635154e-09
BTBD3,1.27939883899692,6.23786050368413e-11,3.80686132304014e-09
CHD7,1.38919866631997,6.23931564948869e-11,3.80686132304014e-09
ERBB3,1.87391225818736,6.26794617928065e-11,3.81091127700263e-09
CDH1,2.41664469604395,6.38468954885889e-11,3.86831819939255e-09
RFX5,1.21837260147032,6.42232950094327e-11,3.87756535164965e-09
HSPA12A,1.74474581084118,6.48277413866898e-11,3.90046910676584e-09
SHISA6,-1.21117875269622,6.54175124602105e-11,3.9223344495174e-09
TVP23A,1.59324493437779,6.61492487405068e-11,3.93927581444727e-09
LY86,2.35754744204087,6.6154735803564e-11,3.93927581444727e-09
NMI,1.50173308843254,6.99073962512733e-11,4.14847726795227e-09
GSAP,1.43003526500309,7.15053908512848e-11,4.22882393403093e-09
TM4SF1,-1.87422256718272,7.6141530228582e-11,4.47247605356227e-09
SLC44A2,1.3692091421542,7.732729146896e-11,4.52678144112885e-09
MFAP5,-3.22974550088049,7.81880168929725e-11,4.56175743003848e-09
ARHGEF10,1.23837331625752,7.98975895371066e-11,4.64585715268115e-09
PRKAB2,1.24950328359753,8.05906904411342e-11,4.65764768459963e-09
ANPEP,-2.19693105256669,8.10581885528162e-11,4.66636641609036e-09
SLC22A3,-2.40984635234079,8.32856635259232e-11,4.77872178005694e-09
ITGB4,1.85600807749962,8.37772828618968e-11,4.79106520604273e-09
IFI44L,2.51410379137625,8.57054231891087e-11,4.8691920426914e-09
ZBTB7C,-1.06679449248111,8.9870839522611e-11,5.08915655963335e-09
GALNT18,1.49323134467001,9.27174625889122e-11,5.23325143889469e-09
CD84,1.67721450618119,9.34153137679463e-11,5.2555212888668e-09
ADAM10,1.27903576399383,9.5461821116519e-11,5.3188502775146e-09
CCDC159,1.21131693773246,9.75373439032311e-11,5.41527616071826e-09
ITPK1,1.4760408839468,9.7930421804156e-11,5.41527616071826e-09
AS3MT,1.21866340523285,1.05101145255079e-10,5.76326786386081e-09
AP3M2,1.4935493795744,1.06645851497831e-10,5.82952465222215e-09
TANC1,1.46872624225367,1.07807628031668e-10,5.87449867463126e-09
AVPI1,1.60718289833616,1.08491524939498e-10,5.89323242680758e-09
GNPTAB,1.18683590162066,1.09338649952993e-10,5.92068789495459e-09
AKR1C1,-1.10028702231534,1.10638876574487e-10,5.97243131863771e-09
POLI,1.18049919596222,1.11535452349397e-10,5.9950870766701e-09
SERPINA5,2.08883443652198,1.1239617074681e-10,5.9950870766701e-09
CAV1,-2.11880769756361,1.12442480373833e-10,5.9950870766701e-09
CTNNA1,1.18052882452198,1.14279132443182e-10,6.07432149378977e-09
SLC10A6,-1.11126902520817,1.16409696625782e-10,6.1686459422983e-09
PLA2G4A,2.12029571918273,1.18846643624417e-10,6.27858122171922e-09
GBP4,2.15416689699152,1.2323473108528e-10,6.49061221959189e-09
SNCA,1.79793820331303,1.24027743061899e-10,6.50181021089698e-09
LPCAT2,1.70906762481882,1.24197782768173e-10,6.50181021089698e-09
FMNL3,1.41354738222205,1.24710876413569e-10,6.50900622438047e-09
TSPAN13,1.72574642738782,1.26100795147972e-10,6.56178552049268e-09
CCN3,2.37299546858905,1.26499507984989e-10,6.56282477354456e-09
CENPV,-1.39906774942174,1.35954649166219e-10,6.9905702099473e-09
MS4A6A,2.16470538259368,1.3733483857116e-10,7.04064521526941e-09
NEDD4L,1.58337476932228,1.41227734897238e-10,7.21886191828715e-09
PDZRN4,-1.82404036816114,1.43217144671483e-10,7.26365486080555e-09
HLA-DMA,2.11079439741944,1.49246504438716e-10,7.53977676068242e-09
ADCYAP1R1,-1.86765837185659,1.49741114353616e-10,7.54277334162635e-09
CSF1R,2.01014222353585,1.51462388998839e-10,7.60736312049822e-09
LPAR4,-1.19729688318119,1.54765542973702e-10,7.72846492405853e-09
CLIP3,1.08833373066153,1.59527827740499e-10,7.94338562956142e-09
SCARB2,1.33379412707402,1.62052293907402e-10,8.02718617962643e-09
TPD52L1,-1.37122768386584,1.62172045577094e-10,8.02718617962643e-09
PTPRZ1,2.71321677837317,1.62600551076228e-10,8.02718617962643e-09
MX1,2.21936078738551,1.63962552790996e-10,8.07142930330222e-09
NCK1,1.2940195419522,1.72950748619901e-10,8.48977499174403e-09
TOX,1.91778117774017,1.74432267400448e-10,8.51424444651874e-09
CX3CR1,2.41736143844179,1.74492851842496e-10,8.51424444651874e-09
SHISA3,-1.23482699098843,1.74923304649162e-10,8.51424444651874e-09
KIF5A,1.39377687060756,1.85865324158616e-10,9.02149674235433e-09
ARSL,1.54682576334619,1.86630684615994e-10,9.03334218722331e-09
RIGI,1.52132103303315,1.88290243668344e-10,9.08828229048765e-09
CASP1,1.59833742084426,1.97120967263199e-10,9.48808922426864e-09
TNS3,1.61054483579723,2.09990456872466e-10,1.0024007263598e-08
TFEC,1.48102731267772,2.12108689247712e-10,1.00973059540779e-08
TACR1,-1.00414943554973,2.14185035126991e-10,1.01682144895356e-08
GBA1,1.49130460265613,2.29049786881468e-10,1.08441931887488e-08
TP53INP1,1.21665336815112,2.31032284464883e-10,1.09082491150068e-08
MINDY1,1.4298402534202,2.37754981453361e-10,1.11648192916635e-08
CD151,1.09106737597918,2.4104572414433e-10,1.12341343204651e-08
CARD11,1.23718779179877,2.41176013804999e-10,1.12341343204651e-08
MSR1,2.57078278880879,2.43613320389929e-10,1.13172429375782e-08
VPS13C,1.34349754750193,2.51901177106198e-10,1.16709721842144e-08
NCKAP1L,1.80246527095297,2.55095267201022e-10,1.17874421068248e-08
DCX,-1.28609416156978,2.56467684573687e-10,1.18122641838271e-08
MINDY2,1.65223441316577,2.57031099555349e-10,1.18122641838271e-08
ABCD3,1.64254200263531,2.57677508165203e-10,1.18122641838271e-08
CMTM2,-1.28796456544564,2.67069827688016e-10,1.22105170822637e-08
SPATA6,1.46050757190594,2.71061437804793e-10,1.23485881453796e-08
PLBD2,1.13906264711565,2.76247200985664e-10,1.25309201536115e-08
BEX1,2.23648253965921,2.79731909511814e-10,1.2655860386477e-08
UXS1,1.40950337446492,2.8703561937797e-10,1.29447190361459e-08
SLC24A3,-1.03151690152352,2.87610620320646e-10,1.29447190361459e-08
SPINT2,1.61522087019738,2.92297175467843e-10,1.30876626783121e-08
PARP14,1.4572428879522,3.15844333945351e-10,1.39616087209312e-08
SP110,1.09542183439862,3.17744597887506e-10,1.40098686824293e-08
CYP4F3,-1.25088969432305,3.24202343705191e-10,1.42583203343237e-08
GALC,1.08296561498998,3.32404344032385e-10,1.45452082661443e-08
KAT2B,1.4459923175798,3.3342620923876e-10,1.45531721755396e-08
WSB1,1.35363791430995,3.39505913876977e-10,1.47442568312287e-08
AQP11,1.6951264866276,3.46311501443528e-10,1.50022142425336e-08
MEF2A,1.08084005580494,3.52295107152769e-10,1.51854965590626e-08
DPT,-2.56295877811257,3.63108373897596e-10,1.55435347825454e-08
CYP27A1,1.3276462168751,3.63292450769327e-10,1.55435347825454e-08
FBXL2,1.12832893039476,3.75247387437566e-10,1.60154845554634e-08
ENDOD1,1.24382427290671,3.78169867833938e-10,1.60610967397708e-08
LHFPL2,1.53415612412105,3.85013200223293e-10,1.63117572945458e-08
GALNT17,1.98504006391519,3.90718468345382e-10,1.64729187822111e-08
SELENBP1,-1.123085327936,3.97680972866574e-10,1.67257667423107e-08
ZNF385D,-1.53457752582883,4.01339083383552e-10,1.68387497260779e-08
C1QA,2.13138152024595,4.04787664133017e-10,1.69052830057967e-08
RIPOR2,-1.58713483832228,4.04876064600971e-10,1.69052830057967e-08
BPGM,1.12398009906862,4.0604644538672e-10,1.69133961674545e-08
ISG15,1.92117867913955,4.14809919063708e-10,1.72369934713092e-08
DDHD2,1.26774259818659,4.25655724226348e-10,1.76157216226115e-08
FCGR1CP,2.16629472462144,4.2595725761047e-10,1.76157216226115e-08
PAPSS2,1.49255033638782,4.33936459987179e-10,1.78877246031533e-08
HEXA,1.32107492143948,4.35410717542924e-10,1.78877246031533e-08
IFIH1,1.71551038613878,4.35631335556942e-10,1.78877246031533e-08
GAPT,1.61729630835158,4.36798752849087e-10,1.78924494734864e-08
SETDB2,1.2219341793963,4.37811552213656e-10,1.78924494734864e-08
SBSPON,1.63889137482807,4.41386536567282e-10,1.79961080132656e-08
PHGDH,-1.11470184366229,4.65309637188431e-10,1.88385172738344e-08
IFIT1,2.48224428042406,4.77249455049299e-10,1.92768730934598e-08
RGS9,2.06695855333308,5.07477681206631e-10,2.0402722180855e-08
ALG5,1.23879769897996,5.1315140625789e-10,2.05830730732331e-08
COL14A1,2.57793048311026,5.26023492550345e-10,2.105065838086e-08
SYT11,2.0711656229229,5.47014925420316e-10,2.17900566153637e-08
FCGR1A,1.74906907141558,5.56188720875344e-10,2.21046746681834e-08
LATS2,1.51871873932151,5.57518723548725e-10,2.21068293859321e-08
SAMD9,1.52994065918427,5.71985625637844e-10,2.25609442227411e-08
FNDC5,-1.09116899133539,5.79602739638737e-10,2.27740505044445e-08
C12orf56,2.12043307206631,5.94869061012881e-10,2.32683771765941e-08
HLA-DPB1,2.15932870775482,6.19015945268714e-10,2.40500186090051e-08
ABCC9,-1.9770294602074,6.22581575338178e-10,2.40704549008579e-08
ALCAM,1.60977399391288,6.22682954767747e-10,2.40704549008579e-08
TRPM3,-1.47013977661141,6.36309910836781e-10,2.45021736332883e-08
GBP2,2.07256219105706,6.45911816675118e-10,2.47618583171381e-08
OTULINL,1.61538228361989,6.48442921606884e-10,2.48040153324593e-08
PPT2,1.32009465641095,6.57564258094291e-10,2.497424477188e-08
FER,1.51023460187818,6.70820130867822e-10,2.53375887993624e-08
ZNF334,1.00635648305937,6.71165354276739e-10,2.53375887993624e-08
CTTNBP2NL,1.18654519911797,6.83639172229927e-10,2.57408892071591e-08
PLXNA3,1.18313506693061,6.85675989152959e-10,2.57408892071591e-08
BTN3A2,1.32594221593755,6.86304871520517e-10,2.57408892071591e-08
PCDH20,-1.16190093716499,7.0604063599904e-10,2.636696582024e-08
PLXDC2,1.94278449125058,7.08792618934227e-10,2.64128139804135e-08
STEAP1B,1.5636585475852,7.13746245526765e-10,2.6540332494609e-08
HSPG2,1.7041658202475,7.34906083622868e-10,2.7152350995772e-08
EVI5,1.93204718023362,7.49445984613452e-10,2.75719745676898e-08
GAS2L3,1.84165240864997,7.72270325669636e-10,2.81724214804283e-08
FHDC1,1.73942519118042,7.76273039659818e-10,2.82589479647591e-08
TCEAL1,1.11575581138165,7.96259195871831e-10,2.89257428638723e-08
C1QB,1.9284203543886,7.98974079317691e-10,2.89636461222112e-08
TOM1L2,1.29082887889514,8.16499915943809e-10,2.95371827629944e-08
PREP,1.20447847759137,8.3372887864815e-10,3.00350395201978e-08
DNAAF9,1.40103521713416,8.3586558454878e-10,3.0049541180625e-08
SEL1L,1.05268849470856,8.44504806299468e-10,3.01811479520737e-08
SELE,-2.6005802186623,8.46326506210333e-10,3.01811479520737e-08
ITPRID2,1.11060491966153,8.46493415553312e-10,3.01811479520737e-08
COL4A1,1.30683247733616,8.5810848308027e-10,3.04093493275756e-08
TLN1,1.02519147902853,8.58158576938163e-10,3.04093493275756e-08
KCND2,-1.1178016953616,8.61692995936872e-10,3.04102163616988e-08
CELF2,1.56639509808404,8.68007528986622e-10,3.0570801752602e-08
SLC16A9,-1.02140132565536,8.71587816733839e-10,3.0598658479103e-08
PRSS23,1.49074420811566,8.7233017593934e-10,3.0598658479103e-08
FRRS1L,1.30919781632845,8.84611048488422e-10,3.09043150165471e-08
MANBA,1.27355598118273,9.03780903844457e-10,3.14225358701644e-08
NRN1,1.98582273778798,9.04972819869599e-10,3.14225358701644e-08
TPP1,1.40797908482884,9.06698288035677e-10,3.14225358701644e-08
GLI1,-1.01853731928142,9.11410929302784e-10,3.15228115428316e-08
SNX24,1.75866759705397,9.25115694823306e-10,3.19274197791524e-08
KIF1A,1.98961629397996,9.26794329923458e-10,3.19274197791524e-08
RBP5,-1.07475527535081,9.46966417478282e-10,3.25576073056819e-08
GPRC5A,-1.7182115548882,9.52000612751235e-10,3.26658744906008e-08
PDGFC,1.44281766348034,9.55263833080471e-10,3.27130666000364e-08
MGAT4A,1.85535350129992,1.01196366434486e-09,3.45762409947096e-08
SLC12A4,1.02475769729915,1.01366172814592e-09,3.45762409947096e-08
WARS1,1.48287459552043,1.02163716490157e-09,3.47798208122091e-08
GIMAP2,1.89058794068928,1.02827460164556e-09,3.49371417594397e-08
INHBA,-2.10747296827293,1.04102955324826e-09,3.51636649097191e-08
TLL1,-1.05933551525366,1.05239138170788e-09,3.54782837786658e-08
CXCR1,-2.06186377993138,1.05730736977653e-09,3.55748002009471e-08
NAPEPLD,1.26341032663146,1.06036247432126e-09,3.56084514632534e-08
SIPA1L1,1.37025542402082,1.07587261535457e-09,3.59204637357688e-08
TBX18,-1.19975462938165,1.08480891738777e-09,3.60703871480577e-08
ADAP2,1.44273755175713,1.08660792308899e-09,3.60703871480577e-08
IGSF21,1.51740696074634,1.14069903968122e-09,3.77935620642375e-08
MOSPD2,1.56463127873323,1.17131322332016e-09,3.87338082704041e-08
ELMO1,1.73379899500617,1.17576049249274e-09,3.87550825437349e-08
MIA,1.92362155392136,1.17642967555428e-09,3.87550825437349e-08
SRGAP2B,1.20538336041249,1.25276111292221e-09,4.11133419786288e-08
POPDC3,1.64458361138705,1.25926011352358e-09,4.12485051930749e-08
SGCB,1.28479219136083,1.26568219924755e-09,4.13806436765313e-08
PPP1R1B,-1.02029229939784,1.2808274319703e-09,4.17969448986468e-08
RTKN,1.15191823645798,1.2953195945067e-09,4.21904096496469e-08
CAT,1.17490771481958,1.29986535993958e-09,4.22590374428388e-08
RASGRF2,-1.24940015540169,1.30351035406444e-09,4.22981786802035e-08
PRICKLE1,-1.60799277790208,1.32123613623045e-09,4.27133950906739e-08
RND3,1.3776197940347,1.32965665801409e-09,4.29055690317843e-08
GAA,1.32807691853277,1.33450655959507e-09,4.29820253990024e-08
KRT19,-1.62043663745258,1.36913177854002e-09,4.39339175158174e-08
TLR7,1.99336745797996,1.37475876952963e-09,4.39479828997764e-08
SLITRK2,1.49826400754511,1.37717882701862e-09,4.39479828997764e-08
CD4,1.62067098049499,1.44474192125175e-09,4.57668885035656e-08
RNF213,1.12285428328759,1.46537335252173e-09,4.62513469080083e-08
P2RX4,1.50329106779568,1.4987224684118e-09,4.71322376272953e-08
SCCPDH,1.22705677161064,1.51037693818909e-09,4.74127021466315e-08
IFI35,1.16153782390979,1.61410317926041e-09,5.0394918721125e-08
ANTXR2,1.21275603773863,1.67703295084727e-09,5.2078184538139e-08
DGAT2,-1.13854389863608,1.73863344142548e-09,5.35929727348301e-08
FRMD5,1.34758749082575,1.74127675725469e-09,5.35929727348301e-08
APOBEC3C,1.6348314616808,1.76030788931491e-09,5.39869293912367e-08
CTSO,1.39014185158905,1.78684696174559e-09,5.44829554111171e-08
KLHL4,-1.0517059015027,1.78866443137495e-09,5.44829554111171e-08
BMP2K,1.38632051832306,1.82874937647791e-09,5.54491936272888e-08
RRAS,1.16545187357364,1.85618003894566e-09,5.60346475868474e-08
MBNL2,1.32200360816192,1.8678799239445e-09,5.62897796906265e-08
H2AJ,1.38048749597456,1.88448578155373e-09,5.66662370533804e-08
CDIPT,1.11439325245721,1.88691244112422e-09,5.66662370533804e-08
TSPAN15,1.40345255093986,1.92310299236583e-09,5.76531637572925e-08
TNNT2,-1.41040140783577,1.92886269784046e-09,5.77259634338159e-08
PADI4,-1.01288939950887,1.94412478506365e-09,5.78646417572096e-08
HHIP,-1.83652775781341,1.98196536024912e-09,5.87068303630714e-08
CD177,-1.1471591318165,1.99096856217152e-09,5.8743189492665e-08
CADM2,2.81844763853123,1.99343371463009e-09,5.8743189492665e-08
CA12,-1.19472777049653,1.99608304661858e-09,5.8743189492665e-08
FGFR2,-1.72478491196222,2.02290697517409e-09,5.94117492640961e-08
GLDN,2.29278788506785,2.03656378243098e-09,5.96107723343987e-08
PLAT,1.33909654205089,2.0540950236999e-09,5.99214790752051e-08
RYR3,-1.38874957141712,2.06793148654504e-09,6.01226791927054e-08
C1QC,2.04909857655513,2.10392165028214e-09,6.09644721673727e-08
TAB2,1.33505497764842,2.14543794212785e-09,6.18720934782682e-08
PARP8,1.17255699315806,2.14952679327779e-09,6.18720934782682e-08
CTSD,1.23273626345181,2.17755032243163e-09,6.24711787865816e-08
APH1B,1.29160759741558,2.18770165897953e-09,6.25141687281795e-08
TASL,1.86603075698304,2.19106586531203e-09,6.25141687281795e-08
KDM3A,1.23064464492444,2.19207603043699e-09,6.25141687281795e-08
SLCO2B1,2.17924263729144,2.19347960449753e-09,6.25141687281795e-08
GPM6B,1.71868732024364,2.20652436704166e-09,6.2782683468141e-08
ZMYND8,1.03549157899923,2.25436557392244e-09,6.38294880145884e-08
COL28A1,2.09334344535544,2.33057233389889e-09,6.5558697080844e-08
SMPD1,1.09111684390902,2.34285932252935e-09,6.57975143286686e-08
TNXB,-1.34131420407864,2.347228370648e-09,6.5813548877975e-08
C6,-1.19052984565382,2.42038894644761e-09,6.75370364960453e-08
NHLRC3,1.20899406786816,2.42573291047269e-09,6.75773309850013e-08
PENK,2.14906862428682,2.49305665681012e-09,6.89068563882977e-08
MFAP2,-1.04376040222436,2.54292078506351e-09,7.01651773305422e-08
CCDC80,-2.76782815637625,2.55110672475663e-09,7.02791372441698e-08
DCSTAMP,-1.13833084899768,2.58376698890259e-09,7.09981044602574e-08
KLF5,-1.0305800176384,2.58660913355978e-09,7.09981044602574e-08
EPB41L3,1.47679398609098,2.59223996064961e-09,7.09981044602574e-08
SLC46A3,1.33642945150424,2.59359418994361e-09,7.09981044602574e-08
FFAR2,-1.57002836153508,2.60427519357341e-09,7.11780450382334e-08
KRCC1,1.33014180263609,2.64777124521549e-09,7.22528821056598e-08
SGMS1,1.28117446221049,2.73130837545461e-09,7.39501742654336e-08
DYNLT3,1.05636210779954,2.78542436293351e-09,7.52977119515006e-08
MEOX2,-2.00651304651117,2.83178370427588e-09,7.64316947471845e-08
ERG,-1.03774207293677,2.88915472555785e-09,7.78517778157288e-08
NPR1,-1.24482321568928,2.90347695772125e-09,7.80022460827811e-08
CALHM5,1.93050491422899,2.90982076775769e-09,7.80516629469122e-08
IL18,1.89055376972244,2.97331133692796e-09,7.95085476022957e-08
ARID4A,1.40701142801851,2.99276054778021e-09,7.99053232233212e-08
SGCE,1.34901188402159,3.1111922816529e-09,8.23064730633305e-08
LAMP2,1.2383580724017,3.1370946648646e-09,8.28652078548382e-08
TIGAR,1.38000323287124,3.14580374715259e-09,8.29687782810656e-08
LRRC32,-1.35338241035852,3.16986154245002e-09,8.34762322303556e-08
NTM,1.38961698389052,3.23053351704335e-09,8.49448934496618e-08
HSPA4L,1.21567453951041,3.33156474563192e-09,8.73363901850377e-08
ACP6,1.14773551431997,3.35148811681818e-09,8.77259608583465e-08
ECHDC1,1.51316523539553,3.37088199470444e-09,8.81005176534517e-08
SCPEP1,1.04687856179029,3.44858371979467e-09,8.98602386415068e-08
PPT1,1.15531509556284,3.64682772403051e-09,9.41762008971693e-08
ARPC1B,1.09823784978412,3.68943480576088e-09,9.49933526214331e-08
RHBDF1,1.27997801807016,3.74295941990034e-09,9.622848787542e-08
TSHZ2,-1.73826785362374,3.7828209931841e-09,9.71092180294727e-08
RAB11FIP2,1.23620662814881,3.80068322085656e-09,9.74234302529622e-08
DPP4,-1.60830489349499,4.09311674472884e-09,1.03844109740353e-07
RNF152,-1.05129443297841,4.39659705169541e-09,1.10732897836887e-07
LGALS9,1.83242510851658,4.60910055959815e-09,1.15581034003932e-07
SLC35A1,1.15490237399846,4.64210396169037e-09,1.16240429838397e-07
CNTFR,-1.28943404141172,4.69509378285861e-09,1.17228508745496e-07
CD86,1.84430798451812,4.70981743416979e-09,1.17426930214812e-07
EEIG1,1.31763807018967,4.82880325610765e-09,1.19397186950071e-07
CEP350,1.2038314992606,4.83703833846532e-09,1.19397186950071e-07
TEX2,1.20233029983269,4.9799797626408e-09,1.22401545144737e-07
ENO2,1.02785871532922,5.00505408418834e-09,1.22843593726368e-07
C1orf162,1.5290538548165,5.19617802014641e-09,1.27354133993065e-07
VSIG4,2.08258812557132,5.32147180669666e-09,1.30057071179746e-07
RAP1GDS1,1.35142305441404,5.37702714527345e-09,1.3122975545535e-07
RAB20,1.26891745243717,5.4252777312113e-09,1.32221114664458e-07
CYP4X1,-1.0821342429576,5.45940347234322e-09,1.32855994723857e-07
PTPRD,-1.34518286873785,5.46666229444312e-09,1.32855994723857e-07
GHR,-1.23603556627756,5.50306903028001e-09,1.33366685533835e-07
ZNF383,1.00487788189515,5.68523902925795e-09,1.36652964606714e-07
GLT1D1,-1.2676308663485,5.69138476337179e-09,1.36652964606714e-07
PALD1,1.38034442609098,5.69387352527976e-09,1.36652964606714e-07
NCALD,1.52368138529453,5.71292832084978e-09,1.36920638926259e-07
OLR1,2.69776863375714,5.7347249613675e-09,1.37100560403485e-07
PCOLCE2,-1.68475224088512,5.73625959675246e-09,1.37100560403485e-07
LMBRD1,1.29430004877795,5.94522105306078e-09,1.41899160340823e-07
MFGE8,1.0429506419946,5.99073109749344e-09,1.42788704893214e-07
C3orf52,-1.01807942147108,6.05354578541521e-09,1.43890043031104e-07
NIPAL3,1.01696158247032,6.11398490240483e-09,1.44764494554271e-07
STEAP4,-2.09997566582961,6.1153976231375e-09,1.44764494554271e-07
CYB5R2,1.88108311380956,6.20487311323962e-09,1.46420750136543e-07
CDH6,1.39413428462992,6.21807008692773e-09,1.46420750136543e-07
CREB3L1,-1.29487859475174,6.24138884426257e-09,1.46744621293598e-07
DIRAS2,1.98630052919198,6.28917401226961e-09,1.47467939492027e-07
HTT,1.2664252818643,6.33540899440564e-09,1.47951438079597e-07
TYRO3,1.5161213929761,6.47996380330186e-09,1.51123570368257e-07
ZNF665,1.53650279212413,6.51100604109358e-09,1.51606165617648e-07
TLR1,1.23404451778721,6.5181552045907e-09,1.51606165617648e-07
MFSD1,1.24763720675868,6.54509646299122e-09,1.52028728566638e-07
VXN,1.52712949833385,6.64909650880956e-09,1.54237676445317e-07
PLEKHH2,-1.22311537135389,6.66918957746992e-09,1.54496947858822e-07
MLLT10,1.03383242777949,6.78727586712362e-09,1.56672033709093e-07
PRMT2,1.25605649213724,6.92750778090322e-09,1.59627466525919e-07
EDNRB,1.91851089768928,6.94380680413092e-09,1.59705582641532e-07
LAMC1,1.51879291788512,7.37540521826485e-09,1.68825656039753e-07
ABHD4,1.06907900269314,7.45590020183984e-09,1.70443058967653e-07
BTK,1.37279626268774,7.49625398872042e-09,1.70914590942826e-07
EMB,1.38963093730609,7.53158816728273e-09,1.71494559477891e-07
ALDH4A1,1.27790454380802,7.58998489655414e-09,1.72597451820853e-07
HEPN1,1.91364924807248,7.61157391731033e-09,1.72861537141748e-07
CXCR2,-1.44202240912567,7.78668513874098e-09,1.76145796454444e-07
GPR83,3.04873626468774,7.85882519145297e-09,1.77314743382158e-07
UTRN,1.22332979153431,7.87383946208182e-09,1.77422484003841e-07
PARP12,1.02435632899306,7.90968819562484e-09,1.77998801368555e-07
PLIN1,-1.48514460882652,7.96057777570099e-09,1.7891166238307e-07
FRMD3,1.15891395176484,8.05744357054744e-09,1.80620158073022e-07
INF2,1.06680975161913,8.09669575310735e-09,1.81265560736233e-07
TGFB3,-1.58682676318504,8.27634768817766e-09,1.84572139949475e-07
ZC4H2,1.15552452603393,8.3001225571132e-09,1.84864426310614e-07
PTAR1,1.2108452331943,8.40017506776273e-09,1.86852674678039e-07
PLIN4,-1.47465389092213,8.52255561537117e-09,1.89331850901476e-07
RSAD2,2.23868041500154,8.5583716137339e-09,1.89884075957466e-07
EBF1,-1.80914215893523,8.6571538675967e-09,1.91585136931948e-07
EBF3,-1.49727661190054,8.69297018434575e-09,1.92132381829519e-07
ERAP1,1.20773198487279,8.73103569774856e-09,1.92727880981639e-07
PDE1A,-1.89336858096376,9.0771822773779e-09,1.99859484755279e-07
WASHC2C,1.16332229677564,9.10545086090045e-09,2.00227477814319e-07
ADCY2,-1.43504224449576,9.15746575913616e-09,2.01010761671402e-07
ATL1,1.32584684219892,9.19900940020615e-09,2.01517616797436e-07
RDH10,1.46346762916808,9.30238800375047e-09,2.03524973900238e-07
ABCA3,1.29525823791056,9.39510417902717e-09,2.05235013475189e-07
GAS7,1.50302072340016,9.40423595910086e-09,2.05235013475189e-07
DHX58,1.07588421700463,9.43862888905941e-09,2.05468041946761e-07
EIF2AK2,1.47416443188589,9.50892295613851e-09,2.06738540757802e-07
HDAC11,1.30134740514033,9.86608711281391e-09,2.13055934156372e-07
HAS2,-1.93625204116885,1.0026794718781e-08,2.15831427188866e-07
WASHC2A,1.21702812401619,1.00859778712853e-08,2.16836010612445e-07
SFMBT2,1.31020987452815,1.01715409943369e-08,2.18404538227843e-07
C3orf38,1.07725349446415,1.02629282256788e-08,2.20094084522973e-07
MICAL2,-1.56950538968928,1.04588121087187e-08,2.23075317303518e-07
MTHFD1L,1.15708523405243,1.04663107668375e-08,2.23075317303518e-07
ATP2C1,1.09865927929684,1.05891096418267e-08,2.24936559622801e-07
RNF157,1.0066712998512,1.06155202205423e-08,2.24936559622801e-07
EDIL3,2.13154336260987,1.06185425768381e-08,2.24936559622801e-07
RTP4,1.31542971909715,1.06738441538321e-08,2.25831955430529e-07
MS4A14,1.5427882542606,1.07980250238171e-08,2.28180704405735e-07
SIPA1L2,1.26618687826754,1.08704953316754e-08,2.29432330215921e-07
ID1,-1.39310197193292,1.10469392326315e-08,2.32307479396892e-07
MILR1,1.50369711680648,1.15247453853763e-08,2.4100277653741e-07
CRYAB,1.40973505684503,1.15299689375296e-08,2.4100277653741e-07
HCFC2,1.29480528640324,1.16240178590996e-08,2.42383852542092e-07
MARVELD1,1.04922112322359,1.1840078643137e-08,2.46243988854513e-07
TRIM38,1.15769953959522,1.2194967740109e-08,2.52768422249532e-07
PON2,1.55364544028373,1.22555759995514e-08,2.53721171947703e-07
MMP15,1.94885100214418,1.24492395967507e-08,2.57116118870674e-07
THBS2,1.78989872984889,1.27856024679222e-08,2.6343510055191e-07
GLMP,1.27702980398844,1.31558563064028e-08,2.70552891552704e-07
SH3D19,1.44382838922051,1.31959922347861e-08,2.7086639393637e-07
BTN3A1,1.06864982053277,1.32088009508445e-08,2.7086639393637e-07
SYT1,-1.04481155639707,1.32816812064572e-08,2.7203897393084e-07
EPHA3,2.36422376131303,1.35799281752361e-08,2.77385868212483e-07
AOAH,1.67140447592753,1.35907549695521e-08,2.77385868212483e-07
USP9X,1.20345149508636,1.36126429500514e-08,2.77505737692343e-07
CERS4,1.0611062715852,1.36812001698447e-08,2.78575601108189e-07
TCIM,2.18798794465922,1.41151741286788e-08,2.86738261783994e-07
ZNF846,1.24576974445798,1.421943661366e-08,2.88019486426878e-07
FXYD3,1.33817430837934,1.42281094402936e-08,2.88019486426878e-07
BROX,1.26162131367541,1.4250858771582e-08,2.88143384823773e-07
INMT,-1.0382181031542,1.44017166390972e-08,2.90515652994501e-07
CERS6,1.14640376604472,1.44783358620405e-08,2.91721632345857e-07
ACP2,1.01959104658289,1.45289505883984e-08,2.9240145853167e-07
HEPACAM,1.90214059581573,1.49561905134013e-08,2.99954709740993e-07
RABEP1,1.17767339058597,1.51926803649949e-08,3.03567284805845e-07
CGNL1,-1.41409587012336,1.52063944604959e-08,3.03567284805845e-07
GPD1,-1.6332518983138,1.5234672875038e-08,3.03781831505936e-07
CYLD,1.07196610451735,1.53312414647434e-08,3.05272724558334e-07
PDGFRL,-2.21298090480108,1.53446758477787e-08,3.05272724558334e-07
OSR1,-1.0680839622552,1.54255747147549e-08,3.06530227817974e-07
ITGA3,1.49558277867849,1.55082148620032e-08,3.07819412518662e-07
ACKR1,-1.17395083344101,1.58192861328748e-08,3.13276102983376e-07
SERPINB9,1.32004818150116,1.63591001881605e-08,3.22859325809163e-07
PCBP4,1.08382752319969,1.64472960596125e-08,3.2423065542772e-07
RASEF,1.73771667385891,1.6613635936894e-08,3.26026142145526e-07
LIPA,1.32657730036161,1.7408121532247e-08,3.39311507211221e-07
ADA2,1.16781740125521,1.75696349660156e-08,3.41690948025946e-07
ZSWIM6,1.05693243100771,1.76327391966821e-08,3.42357839976284e-07
ACVR1C,-1.24299008238088,1.76434413145672e-08,3.42357839976284e-07
DAGLB,1.26997344641866,1.79643805777852e-08,3.48194823732309e-07
TBXAS1,1.38898241193138,1.8016714548414e-08,3.48430390284506e-07
SNED1,-1.05887672816191,1.84537451553803e-08,3.56087412085111e-07
NAGA,1.01083725906708,1.91245474653568e-08,3.67916932806576e-07
ADCK2,1.05543237442483,1.9193577582451e-08,3.68074034286744e-07
MFSD6,1.10656972838242,1.93614376683116e-08,3.6966030489519e-07
AKR1C2,-1.94915009574402,1.9573759674844e-08,3.72718799610655e-07
GMFB,1.23446773782035,1.97179521438018e-08,3.74357514613853e-07
C19orf33,-1.09349131255204,1.97462354776697e-08,3.74357514613853e-07
GRIN2B,1.87599190908558,1.98895994005975e-08,3.76663364386398e-07
ABCA8,1.72994596900386,1.997888453067e-08,3.77941169374945e-07
ZNF845,1.10759319986662,2.05402635001644e-08,3.87292367715831e-07
PAPPA,2.06011769129376,2.07684804562988e-08,3.8989840665953e-07
DENND6A,1.03814068594063,2.13114036095817e-08,3.9836461892862e-07
INTS10,1.35256790537163,2.14467229804974e-08,4.00462085997908e-07
ADK,1.02832734216345,2.15123892072631e-08,4.01255845192094e-07
NOS1,-1.24207901352814,2.15584370705094e-08,4.01682362965362e-07
DMD,1.46115856331072,2.17545306339578e-08,4.04900651799378e-07
GPAT3,-1.13840382318967,2.18071314918732e-08,4.05444178638604e-07
DDR1,1.2299316656515,2.19492488193475e-08,4.07649071320101e-07
ALLC,-1.10130216763146,2.20033085868954e-08,4.08215558023259e-07
AGA,1.30790258423593,2.26189820301967e-08,4.17848316225211e-07
APBB1IP,1.51461737174865,2.28027528699096e-08,4.20794570532261e-07
TAGLN3,-1.06254148521742,2.3279554753211e-08,4.28225185524034e-07
PTCH2,-1.26472982744873,2.36785326337418e-08,4.34480755949992e-07
VAMP4,1.08744043537625,2.369484732068e-08,4.34480755949992e-07
C5orf15,1.0688744699414,2.37335640848367e-08,4.34730653765381e-07
ABI3,1.16923882887664,2.39916284909348e-08,4.38530525834303e-07
SLITRK5,1.22562936609252,2.43616361315617e-08,4.44824479333721e-07
SEMA3C,1.51343444497687,2.45576197054045e-08,4.47930983426578e-07
STAT1,1.10757346940247,2.46182194163697e-08,4.48564149365778e-07
SLC39A6,1.34301797992907,2.47903830401423e-08,4.50289441294541e-07
ANKRD22,2.78975961858443,2.50181016655012e-08,4.5220334271363e-07
PDZD4,1.21309224135313,2.50267200867019e-08,4.5220334271363e-07
CSRNP3,-1.2120683637286,2.63924936760522e-08,4.73916197325008e-07
SLITRK3,-1.05676445611179,2.68710135493372e-08,4.81123751245787e-07
DCK,1.01728654032999,2.68771809329364e-08,4.81123751245787e-07
ATAD1,1.0187529722606,2.74377412417398e-08,4.90651372793464e-07
ANXA4,1.01486423888281,2.74678871075357e-08,4.90684069896267e-07
VPS11,1.04678960538397,2.8187433186901e-08,5.02501895331915e-07
SLFN5,1.02115864660216,2.84189326254521e-08,5.06108185543508e-07
ATP6V1C1,1.28636683104241,2.85518207960167e-08,5.07952721512708e-07
HLA-DPA1,2.0170707811249,2.88029088770737e-08,5.10846269213853e-07
GNG2,1.34852757385968,2.92575179515291e-08,5.16793344611718e-07
APOC1,2.30393197631457,2.94284320984025e-08,5.17176340163406e-07
LRRC8B,1.41811091963608,3.07835862805945e-08,5.36516682579089e-07
TMEM108,-1.03006784257903,3.08949233264286e-08,5.36516682579089e-07
FRAS1,1.87530113276253,3.09004876046821e-08,5.36516682579089e-07
SLPI,-2.16903970956515,3.12826280175555e-08,5.41523854433768e-07
ADAM28,1.61644222649422,3.15663959519386e-08,5.44803295871705e-07
RRN3P2,1.23439689458597,3.18402293983215e-08,5.48436873771486e-07
DOCK4,1.52227456656438,3.20521085560593e-08,5.50991008987496e-07
RNASE2,1.52230742474711,3.25492997034263e-08,5.57877611534096e-07
GPD1L,1.10269770192984,3.27074746541138e-08,5.60034704354233e-07
ADGRG3,-1.32198666643176,3.31502912784721e-08,5.67056512609442e-07
XAF1,1.43632201067078,3.3225675993099e-08,5.67785516379111e-07
PLXNB2,1.05119451122976,3.38691661089309e-08,5.77074641431224e-07
GASK1B,1.85935074857441,3.45138954544725e-08,5.85755906400685e-07
OSBPL11,1.32635249847726,3.52981568083712e-08,5.97894878959391e-07
BLNK,1.27215390673246,3.54081086098839e-08,5.99171587882879e-07
SCIN,2.04154183050501,3.54657597188501e-08,5.99319685439051e-07
TMEM43,1.10613773236932,3.59505507856554e-08,6.05394697778266e-07
GPR65,1.75397989040247,3.70673675369248e-08,6.21784457579703e-07
FBXL4,1.13042398228528,3.76241812426238e-08,6.27529244575447e-07
MAL,1.56769352765305,3.76501675044766e-08,6.27529244575447e-07
TERF1,1.167278573101,3.82182181780436e-08,6.35248906516937e-07
OAS1,1.51353235233693,3.83024388102613e-08,6.35248906516937e-07
CNTN4,1.76843056884426,3.83099669500346e-08,6.35248906516937e-07
PLD4,1.05168685648111,3.86455781817686e-08,6.38979559860388e-07
MICA,1.31751014393755,3.87558120564976e-08,6.40191335857951e-07
PLEKHA1,1.21616824438551,3.95832043370993e-08,6.52614428880359e-07
KCNJ16,-1.40216991267618,4.10145222416852e-08,6.72332399658016e-07
CYFIP2,1.06228691287741,4.10354759581567e-08,6.72332399658016e-07
MASP1,-1.09513026996839,4.15330841314805e-08,6.78308465438543e-07
PCID2,1.31748298700694,4.21213807448178e-08,6.87268630457818e-07
CTSG,-1.047385182936,4.32982762852596e-08,7.03426562578836e-07
HSPA13,1.27360466315112,4.33944673954828e-08,7.04063044034574e-07
CCPG1,1.22244539501619,4.35515357273861e-08,7.05950431322869e-07
PEAR1,-1.03588173056669,4.37336688859661e-08,7.07214424686087e-07
TPCN1,1.15409994791442,4.37795298535996e-08,7.07214424686087e-07
MTMR10,1.13966983984272,4.46319600110791e-08,7.1942567727626e-07
GCC2,1.11690590927911,4.50045372996252e-08,7.24757083947867e-07
WBP11,1.14714850096685,4.53088662149426e-08,7.26776142474147e-07
ZFP90,1.06609268571164,4.54955580527868e-08,7.28601691255721e-07
ZEB2,1.07254982423053,4.88060995232022e-08,7.78740416701701e-07
ME2,1.13810793662298,5.06167897709304e-08,8.0540655018428e-07
ADAMTS12,-1.13447632610023,5.0714958792078e-08,8.05489281346588e-07
MYO5A,1.16804495347186,5.12851706739545e-08,8.13799851133959e-07
CD58,1.26011408044564,5.19945748076136e-08,8.24301914241837e-07
EIF2AK4,1.05821691477795,5.23852918422175e-08,8.29048525839264e-07
AQP9,-2.10849775393678,5.26933449701814e-08,8.33093322667247e-07
BNC2,-1.48833872885582,5.27977657976402e-08,8.3398330514267e-07
PROK2,-1.38106669635081,5.39710568774834e-08,8.47878942495949e-07
TMEM30A,1.02564222982807,5.43633397807976e-08,8.51725091972568e-07
H2AC25,1.0806214281835,5.44592520530081e-08,8.5245701858584e-07
SLC2A5,1.75936283756438,5.49278219991451e-08,8.58832260240102e-07
FAM180B,-1.33723634628219,5.49656611614885e-08,8.58832260240102e-07
GFPT2,-1.92647402688589,5.56026235447801e-08,8.67220756781233e-07
SLC14A1,-1.95648015620509,5.5757252366943e-08,8.68850421775528e-07
ST6GAL1,1.65737906213416,5.77202862984792e-08,8.93015286589328e-07
THBS4,-1.85093223032382,5.94687172626481e-08,9.12731561317242e-07
SCIMP,1.32573992893909,5.98244237275763e-08,9.17145024883432e-07
AFAP1L2,1.58495677699692,5.98881074005531e-08,9.17145024883432e-07
MGAM,-1.70008637011873,6.02820940592671e-08,9.21135913455891e-07
MYO1E,1.25731321492136,6.08933701953655e-08,9.2883830875466e-07
FBXO28,1.04075447000694,6.17474327443592e-08,9.3856097771426e-07
PTPN12,1.17928388848574,6.27344051472331e-08,9.51060168321308e-07
HPS3,1.33017501750656,6.30006177337896e-08,9.54261104974742e-07
SNX13,1.17352610457055,6.35374953687448e-08,9.61552593667782e-07
IL1RL1,-1.36783149153508,6.56533118799346e-08,9.85823733323662e-07
PLEKHB1,1.7783594434919,6.64559873593758e-08,9.96149955850574e-07
ITGB1BP1,1.03529688605629,6.65639779746123e-08,9.96906318361351e-07
RPS6KA5,1.34330907422205,6.98721448396637e-08,1.04194881736807e-06
CPT1A,1.00007269215575,7.02011944845768e-08,1.04595554430675e-06
ADORA3,1.78988365079877,7.0752519165904e-08,1.05326430593366e-06
CYP4V2,1.06598498539553,7.12481416344404e-08,1.05882315458112e-06
DEPDC7,1.08838690495297,7.19630342360736e-08,1.0667027008064e-06
ENPP6,-1.65943239814032,7.31119287960995e-08,1.08003708625645e-06
ABHD6,1.01433885780725,7.4303434547823e-08,1.09577013944228e-06
EIF5B,1.02345585546492,7.68518659937513e-08,1.12857665578242e-06
UAP1,-1.10780002832768,7.75211459990157e-08,1.1368440576386e-06
HPGDS,1.66456242823207,7.94079429089758e-08,1.1601862012873e-06
IL1R2,-1.90853171324132,7.96631422996433e-08,1.16293422895385e-06
DEGS1,1.18281036511951,7.99877795247759e-08,1.16669044074522e-06
KCTD3,1.28057931532691,8.28515961484598e-08,1.20109630780831e-06
ANKRD28,1.12548215930995,8.45138242932419e-08,1.21834904105931e-06
PDGFA,1.14722131983809,8.59444690693873e-08,1.23360353627979e-06
SHROOM3,1.23775461920895,8.59991384941126e-08,1.23360353627979e-06
ERMARD,1.01691309761218,8.70522677944965e-08,1.2476771681911e-06
SESN1,1.47585897734464,8.74572510047405e-08,1.25141143303893e-06
HLA-DRA,1.77539852389669,8.90411559707795e-08,1.26883647258361e-06
LAIR1,1.43361900026831,8.93428310875013e-08,1.27208921699607e-06
RASA3,1.0579306420586,9.01104878991185e-08,1.2798643723901e-06
PPP1R9A,1.18517859048342,9.09024388191849e-08,1.28899955798596e-06
IFIT5,1.08251595232845,9.15672235647446e-08,1.29736455431717e-06
SEMA5A,1.60820780479491,9.19341312461291e-08,1.30149887764128e-06
SLC27A1,1.1435988730478,9.20227809958327e-08,1.30169040742513e-06
CXCR4,1.7761611653246,9.21550801273257e-08,1.3024985550133e-06
TMTC1,-1.61755436402159,9.44467258244759e-08,1.32557485414863e-06
FIGN,1.14778625890131,9.5445681770988e-08,1.33809285900298e-06
APLNR,-1.83513958260061,9.55862596335998e-08,1.33898036130236e-06
MAP4K3,1.42136415534156,9.70469191191727e-08,1.35622072719066e-06
LILRB4,1.64820488401465,9.70518064240777e-08,1.35622072719066e-06
NRK,-1.33737984985813,9.98597418452582e-08,1.38873965224289e-06
PHACTR4,1.20258792976407,1.01859952743777e-07,1.41315393206099e-06
CADPS,-1.24520381596762,1.02612775218268e-07,1.42132227736383e-06
DOK6,1.43739532863531,1.04394103196747e-07,1.4436879650385e-06
KLK6,-1.41128877838473,1.04721194830326e-07,1.44705651038269e-06
DENND1B,1.04297314783192,1.05636741566053e-07,1.45738332631892e-06
ADGRE3,-1.0871315336091,1.06385100578949e-07,1.46421050264657e-06
QNG1,1.02780969133308,1.06744667021632e-07,1.46682917537735e-06
PIGK,1.37033366892136,1.0846034122748e-07,1.48334711348838e-06
EDNRA,-1.61458846831919,1.11576555304182e-07,1.52236106323691e-06
AATK,1.03160533152969,1.13673987306435e-07,1.54675416619489e-06
POGLUT1,1.15604652934079,1.13848441962598e-07,1.54675416619489e-06
IFNAR1,1.31066830012182,1.15146031991716e-07,1.56167760217389e-06
FAM13C,-1.15249260881573,1.1521274468866e-07,1.56167760217389e-06
MAN2B1,1.16567121282036,1.15482319314754e-07,1.56212149030918e-06
HSPB8,-1.91257311652968,1.17394145267841e-07,1.58506505959148e-06
PLXNB3,1.18105261503316,1.17661627655908e-07,1.5866464467094e-06
IFNGR1,1.16613702226677,1.19103308514435e-07,1.59986211623111e-06
CNP,1.1669679896916,1.23704524222387e-07,1.65781283505455e-06
LAMB1,1.42881397686276,1.24528214475336e-07,1.66498834909616e-06
SVEP1,-1.34692083451966,1.27028014137199e-07,1.69448916779784e-06
CLN5,1.13903337400848,1.2932068036994e-07,1.71308678773992e-06
SELP,-1.33888889006399,1.3055683377564e-07,1.72522061048411e-06
MERTK,1.81115372572552,1.30706232700418e-07,1.72522061048411e-06
FEZ1,1.30599564407787,1.33391888640285e-07,1.75639410817543e-06
ARHGDIG,1.38497327814881,1.34789346066648e-07,1.77075798987329e-06
WDR47,1.31297143584734,1.3540516592969e-07,1.77615496989377e-06
ZNF25,1.23507355253432,1.39066734633494e-07,1.82005164481056e-06
GRIK3,1.91657639105629,1.40078420124381e-07,1.83190857653983e-06
AIF1,1.02007298087587,1.41722062689514e-07,1.85200595949012e-06
P2RY13,1.56573927747726,1.45400629086866e-07,1.89864514002805e-06
SFRP2,-2.39893537465767,1.47859738821508e-07,1.92785068043573e-06
CORO2B,1.19267720345721,1.51446676428432e-07,1.96280329779497e-06
S100A12,-2.39212398430069,1.53191694937909e-07,1.9780221236096e-06
C1QTNF3,-1.12128774381958,1.55159471671145e-07,2.00193844014713e-06
GPR82,1.63678438917502,1.56970043605578e-07,2.02070608284221e-06
CCL19,-1.35192048330069,1.61534178952063e-07,2.07184622715126e-06
MOCS2,1.32088068229607,1.61941505679573e-07,2.0755343272305e-06
IGFBP2,1.51537535546724,1.62212125940709e-07,2.075931845126e-06
RELN,2.0098802631118,1.63818598468157e-07,2.09494367103781e-06
GPR137B,1.48394494445336,1.64885902946871e-07,2.10703755624143e-06
AP1B1,1.26357420289283,1.65615912026282e-07,2.11324928099515e-06
CDKN2A,1.03872421183886,1.67729956535483e-07,2.12924885483286e-06
BRCC3,1.18193049599923,1.6824146148092e-07,2.13417865632605e-06
ACBD5,1.305939934367,1.68970723369153e-07,2.14186151758646e-06
CLIC5,-1.19425904141018,1.72730059849037e-07,2.17835988141493e-06
SECISBP2L,1.05581651601542,1.73076863675766e-07,2.18114610456268e-06
RARRES2,1.15404482549576,1.77460675962236e-07,2.2315229267588e-06
RARB,1.24559541190671,1.77814599820651e-07,2.23435198382324e-06
DUSP3,1.00884056685583,1.78564822530256e-07,2.24215307594513e-06
EXOSC9,1.05393027311719,1.81494956800193e-07,2.27564733099403e-06
CSNK1G3,1.21052558888281,1.83747461567613e-07,2.29393084585274e-06
PLPPR4,-1.33269310279645,1.85651601065185e-07,2.31129069090774e-06
BIRC3,1.50221890556284,1.86775558242002e-07,2.3216979004429e-06
CSF2RA,1.35592922475328,1.96937008027736e-07,2.42884304277908e-06
ORC3,1.13824167498535,1.97423094896056e-07,2.43272717058154e-06
PLOD3,1.17463331628682,2.02175731472776e-07,2.47729263568236e-06
RAB3GAP2,1.0154798105906,2.04679513554821e-07,2.50295455954688e-06
SUCLG2,1.24644320774788,2.05517740181816e-07,2.51143258241926e-06
DKK2,-1.1152882456276,2.10169316749677e-07,2.55925082265524e-06
SLCO1C1,-1.18250063541712,2.13831357849853e-07,2.60018931145421e-06
LPAR6,1.2142402555983,2.21194286008148e-07,2.67470662103922e-06
KRT23,-1.27246687814186,2.21550062170089e-07,2.67527489706153e-06
FLRT3,2.03415336488358,2.24742550865709e-07,2.69877957131047e-06
TCEAL2,-1.58358994196068,2.28222145724199e-07,2.7329877962052e-06
TMOD1,-1.31451506776484,2.30743271495265e-07,2.7555612739283e-06
HYCC1,1.19559830448111,2.32363808568898e-07,2.76918849716772e-06
DCLK1,-1.64511359346646,2.34620119310589e-07,2.79223724410294e-06
FAM149A,1.47056155531303,2.35085660913544e-07,2.79585746898414e-06
ARHGAP12,1.1400513844071,2.39040537294264e-07,2.83535477466294e-06
PLCB4,-1.20157046489669,2.40973957228985e-07,2.85413310380304e-06
NTRK2,1.40443649004318,2.41724745916461e-07,2.85990864528199e-06
TMEM50B,1.04646831742483,2.41888430859861e-07,2.85990864528199e-06
PRDM1,1.1871997881357,2.46694749421682e-07,2.91291972084385e-06
CFAP20,1.24962730782344,2.47703367830379e-07,2.91986663793524e-06
CD74,1.40604326470316,2.48832649137046e-07,2.92720444280158e-06
KYAT3,1.03651657175251,2.499905830381e-07,2.93498158608712e-06
S100P,-1.42386971430994,2.52446549106774e-07,2.95766991407855e-06
ERCC5,1.01740427048419,2.57488636444862e-07,3.01266920480524e-06
RB1,1.21154097783192,2.58312309015542e-07,3.02026699772018e-06
POLR3GL,1.03489617728836,2.61361735865421e-07,3.04301940382506e-06
NIPSNAP3A,1.14165113980262,2.66521522825593e-07,3.08708886866436e-06
ZNF521,-1.29554074546338,2.67007284250329e-07,3.09064944655291e-06
TANC2,1.15218176796608,2.68623526462635e-07,3.10728202039021e-06
MAP4K5,1.14777311810409,2.7065286884884e-07,3.12203427340614e-06
INPP5D,1.37328175502622,2.70799717966841e-07,3.12203427340614e-06
LAMA4,1.09883749064225,2.72740251369628e-07,3.13398081945153e-06
BTN3A3,1.32029341373709,2.74490813442976e-07,3.1520058418422e-06
RERG,-1.1475598640825,2.76108598281196e-07,3.16848330530898e-06
ARHGAP18,1.15296989968311,2.81511863094855e-07,3.21982677472452e-06
CLSTN2,1.29306450341558,2.83706669040686e-07,3.2385172339506e-06
EAPP,1.02411567595837,2.85467302277072e-07,3.25218764882124e-06
AZI2,1.0700928191064,2.86994720587106e-07,3.26086979433726e-06
LMBRD2,1.27271970600771,2.87170320069175e-07,3.26086979433726e-06
LRG1,-1.05327163935466,2.8874053024538e-07,3.27496275530014e-06
F5,-1.05063672277949,2.89967276657789e-07,3.28616937209036e-06
CHI3L2,-1.69122380373631,2.99358065040285e-07,3.37713317123571e-06
ACOT4,1.0238400889283,3.01584572290269e-07,3.39782670263055e-06
CXCL2,-1.70655153865998,3.05120787968502e-07,3.43097534971979e-06
ADAM19,-1.17520499373477,3.08084386251379e-07,3.45756881150512e-06
ETFRF1,1.16294772614726,3.17616133264051e-07,3.55303573737862e-06
VSNL1,-1.10005055497533,3.21308519134661e-07,3.58047203830573e-06
HAVCR2,1.2714484566145,3.22530040398858e-07,3.5917741259842e-06
HCAR2,-1.47785428143022,3.33103302139408e-07,3.69527145932885e-06
CXCL16,1.77398737394218,3.3506870491275e-07,3.71232130353461e-06
TBC1D5,1.04273711849113,3.36817036100121e-07,3.72930709363763e-06
PMEPA1,1.20050247630764,3.39333227573362e-07,3.74997842308113e-06
WASHC3,1.2324652458936,3.39793153902262e-07,3.75266779529535e-06
ADAMTS1,-1.54243836669854,3.522090572441e-07,3.87251176645036e-06
SFN,-1.1105725818404,3.56156540968263e-07,3.90600034297345e-06
FHL1,-1.08456401523053,3.59598272964398e-07,3.93876035014354e-06
HEY1,1.19053772462838,3.62394139123968e-07,3.96187106797484e-06
PDCD1LG2,1.11938541395297,3.62929157434373e-07,3.96521843633217e-06
SHTN1,1.55584796090825,3.74004396249534e-07,4.05300073684298e-06
HCAR3,-1.32225547401619,3.74918678925718e-07,4.05783314704862e-06
PYGM,-1.20227829769314,3.77499014119369e-07,4.08066307963844e-06
VAMP8,1.3098499182822,3.86935527634711e-07,4.16707198437183e-06
PPP2R2B,1.00147864080648,3.90017682175003e-07,4.19244813692832e-06
EXOSC10,1.08127898613416,3.97943133617292e-07,4.26375027468311e-06
TMEM86A,1.03080006102313,3.98373251079869e-07,4.26375027468311e-06
SLC1A2,-1.40664254415035,4.01360308381392e-07,4.29042037238295e-06
ANO6,1.26406038047186,4.04904870955361e-07,4.32564217257367e-06
BEX4,1.15364649198381,4.05694812445369e-07,4.33141078869584e-06
ADI1,1.34625130072938,4.06960345045234e-07,4.33957468242697e-06
STX7,1.03811504503161,4.09719361039524e-07,4.35826708906868e-06
CASP6,1.07589329836238,4.2267737150222e-07,4.48234607918633e-06
HLA-DQA1,1.87260665980648,4.38279582310217e-07,4.63362330828031e-06
GATM,2.30490561320972,4.55510635817967e-07,4.76348116925391e-06
SIX1,-1.19921127241557,4.59843735996374e-07,4.79432747132682e-06
SLU7,1.14783061384889,4.61351173357715e-07,4.80715161271346e-06
ADCY8,-1.15467390602082,4.6453314847008e-07,4.83159087436347e-06
ARSJ,-1.04093450830146,4.71258941059919e-07,4.88980534771633e-06
LRRCC1,1.23376672194141,4.74013010922223e-07,4.91249847683031e-06
TMEM255A,1.37627166720046,4.867528374742e-07,5.01453814967475e-06
DEPTOR,1.04553106523285,5.12135426192659e-07,5.20791236212817e-06
KLHL5,1.34912978579491,5.19029834758798e-07,5.26566099338434e-06
RNF130,1.08156791474249,5.26743710626732e-07,5.33143400568926e-06
SEMA6D,1.02180690364303,5.28504067027865e-07,5.34300961111951e-06
POP5,1.14888803148265,5.29963200545928e-07,5.35151651460363e-06
TAGLN,-1.38462752545412,5.30707456021906e-07,5.35535345995267e-06
BBS2,1.00538249696222,5.3780561392167e-07,5.40864519909152e-06
CALCOCO2,1.01120901888204,5.39961470748151e-07,5.42717654589557e-06
SOS2,1.08359068570779,5.43340809451638e-07,5.45245778538442e-06
CFB,1.18207003104164,5.45975626841677e-07,5.47175573274296e-06
ITGAV,1.2152958179337,5.47059469862309e-07,5.4780887031248e-06
ATOSA,1.09496961924672,5.47239816776837e-07,5.4780887031248e-06
SCARA5,-1.14369575147031,5.56905541618618e-07,5.5492002444896e-06
PRXL2C,1.28104189330147,5.59053601712916e-07,5.56420494571017e-06
KCNA2,1.22648363824673,5.59584775453042e-07,5.56629448280729e-06
ETAA1,1.36846124459676,5.62696656063636e-07,5.59308837104597e-06
GNG12,1.12291875704318,5.72239453339555e-07,5.66291561819978e-06
BIRC2,1.04277097498921,5.76736064038987e-07,5.69116316495875e-06
ITGA2,1.11653304440709,5.88600849587163e-07,5.78190222315553e-06
LYRM9,1.38686069182421,6.0410010134455e-07,5.91738075528455e-06
SLC5A11,-1.02542250764071,6.10852612565291e-07,5.97002485647567e-06
DCTN6,1.10495093093061,6.12503063685345e-07,5.98278077087918e-06
RDX,1.26339208701619,6.13059401896845e-07,5.98484130482734e-06
YEATS4,1.09202829120895,6.13830259424815e-07,5.98899253114482e-06
CD163,1.72787827260293,6.26407075373002e-07,6.09454340374137e-06
CNTNAP3B,-1.24574550035852,6.29161462352703e-07,6.11447550176536e-06
MX2,1.54720509137857,6.33143259926257e-07,6.13596555257393e-06
FCHO2,1.08145848972089,6.4470202344734e-07,6.24449226511767e-06
IL18RAP,-1.24673883832074,6.59801264420612e-07,6.3622906565834e-06
MTM1,1.03674050580031,6.73316322753411e-07,6.46383669843274e-06
EZH1,1.16345119314804,6.93062053503356e-07,6.62769275005858e-06
KGD4,1.25448414527448,7.08115197796744e-07,6.75672915606937e-06
EHF,-1.22265617440323,7.14454326954856e-07,6.80971648925948e-06
C3,1.70055461421743,7.1505773168359e-07,6.80989207407696e-06
BRD10,1.02791378578258,7.18789357853754e-07,6.82849889961066e-06
GTF2H5,1.03415780899307,7.19462329437239e-07,6.83114698328135e-06
ABCA1,1.48782431618428,7.28218348399979e-07,6.88786437831596e-06
ITFG1,1.18312167086893,7.33837655572249e-07,6.93138819595116e-06
IPO8,1.11707972051735,7.34546226307962e-07,6.93158019825821e-06
RND1,-1.82057928780185,7.37202097112885e-07,6.94252061889786e-06
CRABP2,-2.10060485061141,7.44330942507382e-07,6.98687246574643e-06
PDCD4,1.03932514375713,7.61832227268793e-07,7.11485570837607e-06
RUNX1T1,-1.25127924548111,7.80289233532669e-07,7.23352627175213e-06
FXYD1,1.45830010525675,7.85978318489226e-07,7.26369722815003e-06
ZCCHC17,1.15157376441018,7.86928704739227e-07,7.26860372906254e-06
PTGER2,-1.00727518397841,7.90351449015908e-07,7.28613520258131e-06
CRABP1,-1.78935603601002,8.08726426214824e-07,7.42639719843692e-06
DUSP6,1.24862140087587,8.24970748411366e-07,7.5475676496685e-06
RABGGTB,1.16536238219198,8.29899780971286e-07,7.58465369444644e-06
RERGL,-1.18804412560756,8.34845033449954e-07,7.62180966260317e-06
SRPX2,1.1897379044549,8.46797292531025e-07,7.69848031740692e-06
FUCA1,1.12843355464071,8.49367360015799e-07,7.71375137020638e-06
SELPLG,1.30314812662066,8.50137735617786e-07,7.71670334352278e-06
ARFGEF3,-1.06704625905243,8.79316349516742e-07,7.93996545306207e-06
SKIC3,1.19978747637625,8.85465055441974e-07,7.99132212536381e-06
ABCB4,1.04483646259059,9.13532727335912e-07,8.18495093033955e-06
CIDEC,-1.30684616273477,9.21220657964157e-07,8.23254851016138e-06
BOC,-1.02077741960138,9.26411722819306e-07,8.27040820866199e-06
CYFIP1,1.00596205778643,9.75401677242938e-07,8.6409817296859e-06
KIF13B,1.12515655257672,9.81412897473657e-07,8.68092020797526e-06
FPR2,-1.16877455339399,9.90778931544981e-07,8.74145485020949e-06
OTUD1,1.1238113960586,1.00372061513762e-06,8.82866539040845e-06
IL1R1,-1.55086706856592,1.07266906105883e-06,9.34030627639569e-06
FYB1,1.38567947454819,1.10404221108868e-06,9.57616795220009e-06
GLB1,1.11419884922513,1.1552661587652e-06,9.95187664599017e-06
CPED1,1.1389004736623,1.25848665091716e-06,1.07212668078134e-05
PWWP3B,-1.02957675842482,1.27403929131142e-06,1.08173463466143e-05
B4GALNT1,1.05028264827371,1.31642680420781e-06,1.10840834126885e-05
SLC19A3,-1.03529542067772,1.32061126094106e-06,1.11085203541683e-05
S100B,1.39667782462606,1.34567502732003e-06,1.12864747693134e-05
CDH20,-1.11889762895991,1.36195300950635e-06,1.14009283810271e-05
TGFA,1.24178838131149,1.37382021920873e-06,1.14725574739512e-05
CHN1,1.00787297558905,1.37878002672191e-06,1.15084298184188e-05
MRAP2,-1.06595126993215,1.38143497208895e-06,1.15194923947822e-05
CYTH3,1.07229137068389,1.3890759492886e-06,1.1572071177535e-05
CDO1,-1.51072070107556,1.41317622174105e-06,1.17615358166805e-05
RGS4,-1.50781001796222,1.41711207502668e-06,1.17886308382441e-05
RAB10,1.28519708996145,1.43343801265877e-06,1.18890902993417e-05
CD1C,-1.26948031244333,1.43399115452587e-06,1.18890902993417e-05
ERRFI1,-1.16206369362375,1.44575974552609e-06,1.19794913952335e-05
DACT1,-1.21795728670701,1.45620964679652e-06,1.20502391402531e-05
SNX2,1.15149700894218,1.45789266935081e-06,1.20562032749482e-05
OAS3,1.31645209401311,1.46047999024501e-06,1.20682867291204e-05
NETO1,-1.02537417227834,1.46213100628478e-06,1.20761706753588e-05
SPART,1.15332915309561,1.48691876887229e-06,1.22575301746046e-05
HERC5,1.10580901927988,1.51969323148613e-06,1.24802105759202e-05
RHBDF2,1.01552015587047,1.55724201899938e-06,1.27282498609534e-05
INSC,1.28895337975945,1.5714264089858e-06,1.28079382948758e-05
CLC,-1.33721065248265,1.593342463603e-06,1.29500179218165e-05
DOCK2,1.02056451641018,1.63853993184864e-06,1.32443457723187e-05
GABRE,1.17286254321974,1.64223272085604e-06,1.32603022306586e-05
AK5,1.29383286460448,1.6494188069353e-06,1.33059260179586e-05
MAP2,1.39655834052429,1.69559975522398e-06,1.36277145447686e-05
IKZF2,1.30870720842328,1.71626461679325e-06,1.37618849050409e-05
GNG7,1.07976076611797,1.73433531341819e-06,1.38605728267342e-05
MEDAG,-1.4136126145451,1.73674664598385e-06,1.3861974150902e-05
CAPN6,-1.6045346820825,1.74470050228749e-06,1.39126416491659e-05
EPSTI1,1.27149715302467,1.76726168463451e-06,1.40601976452465e-05
OGFRL1,1.26890019130224,1.79058169134616e-06,1.42065931994717e-05
PCDH18,-1.69053627265767,1.80045361856501e-06,1.42605225189138e-05
PTBP2,1.03809171303855,1.83621247342851e-06,1.44937194415604e-05
KATNAL1,1.04260850784657,1.83729243014915e-06,1.44937194415604e-05
FRYL,1.06012739577024,1.84250429265371e-06,1.45219993320216e-05
FAM229B,1.34757613064842,1.84348827963768e-06,1.45219993320216e-05
WASHC5,1.01066224809946,1.86444787617222e-06,1.46650716288299e-05
SCAPER,1.03004876519815,1.91433964514706e-06,1.49759265783784e-05
TM2D2,1.05312256341172,1.92482374840112e-06,1.50240296902228e-05
EGF,-1.02004934140941,1.93333822773454e-06,1.50769058551684e-05
LRRTM4,1.39685791966307,1.94316851899746e-06,1.51334772379385e-05
SNX14,1.10613831474942,1.94783004088634e-06,1.51558145255853e-05
CCL7,-1.13101573534695,1.95302081052537e-06,1.51859738614403e-05
RMDN1,1.32656951099306,1.96335902128036e-06,1.52559703117758e-05
EPHA5,1.15698635826368,1.96422378610179e-06,1.52559703117758e-05
SLAIN1,-1.42085491583269,1.99290955873072e-06,1.54100752899413e-05
KIF21A,1.29780214132228,1.99295814431894e-06,1.54100752899413e-05
ACTN2,-1.07241660524595,1.99520906674603e-06,1.5420598888749e-05
IDO1,1.85700504394988,2.00251619213758e-06,1.54701741316808e-05
EEA1,1.39353749129761,2.02894915181946e-06,1.56256137345456e-05
NRIP2,1.28610267998921,2.04977871398677e-06,1.57650091238183e-05
TRDN,-1.00319663237008,2.0669866544338e-06,1.58545938640569e-05
PYROXD1,1.0624547768512,2.12771154373086e-06,1.62075958564105e-05
SORBS2,1.01209645969391,2.12790169513699e-06,1.62075958564105e-05
SLC7A7,1.27345006697302,2.13923086984577e-06,1.62652885092968e-05
IRF8,1.31284054698535,2.2259056798223e-06,1.6798995479077e-05
FREM1,-1.16920084001927,2.24268879693216e-06,1.69026793345925e-05
MOG,-1.35287014851272,2.27188823511806e-06,1.70939120009231e-05
ADAMTS8,1.0180570331704,2.3183075326768e-06,1.74053868831125e-05
PKP2,1.22340839676793,2.33131189880704e-06,1.74727390062839e-05
PAK2,1.05970458973863,2.39510234813164e-06,1.78581469399419e-05
PRKAR2B,-1.01151024851349,2.42629917483399e-06,1.80596701467025e-05
MAN2A1,1.12114035398458,2.46763574373222e-06,1.83201337478115e-05
RAD50,1.00577294316962,2.50346408846174e-06,1.85463983432514e-05
ADIPOQ,-1.90609234238319,2.51620537322693e-06,1.86169114890163e-05
SAA1,-1.59738004126754,2.54501999209996e-06,1.8797999327838e-05
ROBO1,-1.10768022769005,2.56697588422284e-06,1.89408907805653e-05
PLAAT3,1.03754934228605,2.57589272839288e-06,1.89935494085498e-05
AKTIP,1.04208795464688,2.61966166694356e-06,1.92583805309677e-05
KIFBP,1.00122977351735,2.62708491172676e-06,1.92769444195795e-05
TNR,-1.25878453309637,2.64036514907911e-06,1.9361932840983e-05
RFTN2,1.38277049298458,2.65768105413011e-06,1.94395514166174e-05
MTR,1.00113685482036,2.72251258459955e-06,1.98550917785947e-05
ODR4,1.04876583029684,2.83636530441607e-06,2.04870937869619e-05
STMN4,-1.18498570722976,2.84495513555269e-06,2.05288737197891e-05
CHRM5,-1.01264129518813,2.8540740335238e-06,2.05635737434097e-05
STMN2,-1.77237767367309,2.86936231917614e-06,2.06222771740706e-05
EVI2A,1.37829397553894,2.98499296921578e-06,2.12756964944832e-05
TENT5C,-1.18131517492829,2.98606266589238e-06,2.12756964944832e-05
MSC,-1.07657014379722,3.06127112809971e-06,2.17400434867671e-05
LAMA2,1.43004438587433,3.15749067996985e-06,2.22973336602228e-05
IL33,-1.35600489852814,3.16010227326313e-06,2.23047870432193e-05
ACTN1,-1.0090658743377,3.2032069988146e-06,2.25630775916501e-05
ANOS1,1.22101392365922,3.2574394181809e-06,2.28892580041519e-05
C11orf24,1.09701892223362,3.26653025059373e-06,2.29345365406354e-05
MYBL1,1.23784671157826,3.27039191978609e-06,2.29390288974986e-05
LHFPL3,-1.0092340911488,3.27725394305265e-06,2.29575854664666e-05
FCGR2B,1.10607289595836,3.35045698982504e-06,2.33523426300072e-05
CDK6,1.01124148257132,3.38036677764685e-06,2.35118735986727e-05
CXCL8,-1.82912489214264,3.39141579129203e-06,2.35641433219569e-05
NLGN3,1.31226730112876,3.39156125605728e-06,2.35641433219569e-05
TNNC1,-1.39800907623361,3.44070091381096e-06,2.38481861738066e-05
RBMS3,1.06673522553046,3.44738825510101e-06,2.38849834803639e-05
PER3,1.01815099065536,3.46759273488067e-06,2.40057718377996e-05
SYK,1.12102832346184,3.52463702821332e-06,2.43229432197851e-05
PLEKHA4,1.17994994608635,3.58488897380796e-06,2.4689569212299e-05
LRRC17,-1.33045357298149,3.59903614612738e-06,2.47673146704111e-05
HLA-DRB3,1.41107325580108,3.60137677559763e-06,2.47735834726303e-05
TNFRSF19,1.12803437470933,3.75530839273364e-06,2.56491855850565e-05
PPP1R1C,1.53016435734002,3.921227344177e-06,2.65992887289568e-05
ADAM22,-1.10646489717425,4.12164048265944e-06,2.76392361778339e-05
ETV5,1.04662820053046,4.13779893717863e-06,2.77261330175682e-05
THBS3,1.2587280755744,4.14735672539025e-06,2.77687006713919e-05
ARMC10,1.07080979778952,4.26637780184294e-06,2.8433767134744e-05
KCNK1,1.41966869862375,4.29909907052235e-06,2.86078297596049e-05
SELENOI,1.11266681928836,4.31060626110725e-06,2.86485184230822e-05
HTR1D,-1.09345468270547,4.31182687254145e-06,2.86485184230822e-05
TRPM7,1.00220303561912,4.32850567096919e-06,2.87152933639181e-05
BBS5,1.09636702752429,4.38435307913586e-06,2.89748551316805e-05
MAN2A2,1.04270351368543,4.42598019887947e-06,2.91942843114517e-05
LYVE1,-1.5025248006091,4.47576589521223e-06,2.9489000544577e-05
BST2,1.56854894649268,4.48473348999688e-06,2.95256314265448e-05
CLCN3,1.06430403794526,4.55876817162772e-06,2.9899101905595e-05
SYNPO2,-1.3861009854441,4.56259188048251e-06,2.9899101905595e-05
SORL1,1.34276674302545,4.60615513176507e-06,3.01304100125425e-05
KCNK2,-1.2619748103855,4.69285611432266e-06,3.05591171548227e-05
ST14,1.63786174433616,4.76491346344842e-06,3.09585378682543e-05
AQP1,-1.39810428661912,4.82486972179776e-06,3.12777188699258e-05
FAM177A1,1.14108539831612,4.84392136627679e-06,3.13660199681779e-05
ADGRL3,1.84647147715497,4.86426818146076e-06,3.1462500577959e-05
OSGIN2,1.06669600954665,4.94060528823212e-06,3.18137526698202e-05
RIMOC1,1.07190713618042,4.94322440067877e-06,3.18173244561586e-05
DNER,-1.2721482792313,4.98453928845188e-06,3.2013379092029e-05
ATP1A2,1.44311843784349,5.03695297705797e-06,3.22782252908508e-05
MBOAT2,1.13220362338242,5.04811279390049e-06,3.23377813281729e-05
PIRT,-1.32401269464225,5.18989889290238e-06,3.30870314794847e-05
CHRNA6,1.36919379459445,5.21865819327664e-06,3.32020163230784e-05
PARVG,1.33262523331072,5.22198370050757e-06,3.32060673623468e-05
ENTREP1,-1.11594233948728,5.24697033460213e-06,3.33404847664047e-05
MS4A4A,1.62236176771935,5.2747387961846e-06,3.34854389300395e-05
APOE,1.41148354252429,5.27557988683102e-06,3.34854389300395e-05
ST8SIA4,1.03954641407633,5.30545376621571e-06,3.36504036826449e-05
PCMT1,1.08140824621434,5.36853250032396e-06,3.39386833876737e-05
KITLG,-1.00424890935929,5.43894945039711e-06,3.43337399185724e-05
PDE5A,1.67399662683192,5.66487291147402e-06,3.54371544440512e-05
FGF5,-1.02872999236623,5.81407665082183e-06,3.61746212586861e-05
MRPS18C,1.22791687612876,5.86688573589616e-06,3.64508411730401e-05
OXR1,1.0696488590532,5.92390874673616e-06,3.67392593999442e-05
RAI14,1.10390412362838,5.96053641426944e-06,3.69135721895857e-05
LARP7,1.11167978770085,6.06935856229739e-06,3.74403151183657e-05
S100A3,-1.10950537944718,6.11471761183403e-06,3.76612287272564e-05
FCER1G,1.4475958172606,6.12951346946313e-06,3.77040146960799e-05
CYP4Z1,-1.17438729903392,6.32787379896098e-06,3.86770360452896e-05
RO60,1.11804209144719,6.3360670335802e-06,3.87134589414237e-05
VPS35,1.00099567329453,6.49767067665888e-06,3.94932377230419e-05
ADIRF,-1.56438282741172,6.52426933859089e-06,3.95842223736355e-05
LAPTM5,1.43517923552506,6.54087209078549e-06,3.96571839010255e-05
SPOCK3,-1.06668464311565,6.55391412898379e-06,3.97084699395214e-05
BHLHE41,1.11481090961141,6.58086231012846e-06,3.98324665572937e-05
ZBTB20,1.39218665702776,6.64365474747081e-06,4.00979621958113e-05
ARHGDIB,1.04411314392753,6.76430573840595e-06,4.07268553978799e-05
OASL,1.06817714073015,6.786120388164e-06,4.08440062820791e-05
DRAM2,1.13651851420046,6.81900280189809e-06,4.10134260851406e-05
CPE,-1.84688327496145,6.8958687280642e-06,4.14038854192295e-05
GRAMD2B,1.07704836894757,6.95289481289086e-06,4.16740786294613e-05
FADS2,1.43148557564303,7.01818510251952e-06,4.19782918386118e-05
FCGR2A,1.58071072346492,7.12128226122038e-06,4.2477651987066e-05
UBLCP1,1.05481811068389,7.18011922188325e-06,4.27256544906569e-05
STXBP5L,-1.0162191774495,7.22820871128809e-06,4.29822925700755e-05
ASCC1,1.00093596762915,7.33171432376125e-06,4.35082006171695e-05
PMP22,1.03176094052737,7.37812370842115e-06,4.3738668361109e-05
GIMAP4,1.32805975173015,7.39495854886083e-06,4.37868388355989e-05
TLR5,1.28153174854279,7.43154297798564e-06,4.39650995979976e-05
S100A9,-2.03115091805011,7.43462661927324e-06,4.39683310780774e-05
ALOX5AP,1.2520571778751,7.47281001365767e-06,4.41489437151927e-05
ANKFN1,-1.06817294318042,7.56171668628871e-06,4.45829965090203e-05
FLRT2,-1.35458050515652,7.73018301834083e-06,4.53134178713392e-05
ATP1B2,1.35786208251812,7.76892929288155e-06,4.54951019895409e-05
TMEM230,1.01951497608713,8.19170619463201e-06,4.73626576378323e-05
GPC6,-1.16611455996068,8.35420884073476e-06,4.81415799109584e-05
CPVL,1.37111828316654,8.49052385790791e-06,4.88134696117546e-05
ADAM12,-1.32200960720894,8.49707547211699e-06,4.88349332606445e-05
ANK2,1.20931899509406,8.71734333721711e-06,4.97871210768946e-05
DEFA1B,-1.30416798077023,8.78428273308827e-06,5.00374921758558e-05
MRPS28,1.26655990842483,8.90441365414662e-06,5.05224884738221e-05
SLC4A4,-1.26239574378489,8.98275318274095e-06,5.08338168355765e-05
ARHGEF12,1.01486679125983,9.12763392389152e-06,5.14855601019506e-05
SLC7A2,-1.48664281760216,9.5084982756662e-06,5.3080946559518e-05
FBN2,-1.06157107783038,9.58004764359837e-06,5.33600339338709e-05
IKZF1,1.0873060637101,9.66524642153835e-06,5.36620922756862e-05
ARAP2,1.32272803452737,1.00326005742228e-05,5.53293770687885e-05
BMP7,1.40026951586353,1.02187398888265e-05,5.62485148645444e-05
DSP,-1.2028334437286,1.0411094894933e-05,5.71801750679556e-05
FRS2,1.09478693439476,1.1135221730305e-05,6.03538073640051e-05
CEP170,1.57170356043794,1.11470836105017e-05,6.03992072554013e-05
SNAP25,-1.05642561994294,1.14625730430884e-05,6.17802381619397e-05
ANKRD50,1.10340564442483,1.21985312024063e-05,6.48592048712168e-05
DAO,-1.42582265917194,1.25924281749813e-05,6.66061036068608e-05
NTRK3,-1.03646268903469,1.26486333604344e-05,6.68218045334169e-05
MYOF,1.01827194105243,1.26533267620038e-05,6.68262255812258e-05
ID2,1.24681084732768,1.33175405263059e-05,6.96758279709626e-05
GBP1,1.16360796206014,1.35411400707713e-05,7.05686842545341e-05
MGST1,-2.08127504842174,1.39505064812838e-05,7.22889881302886e-05
CNTNAP4,-1.20124442649499,1.41200539964805e-05,7.29711588580416e-05
ZEB1,-1.00283997609329,1.41816257471668e-05,7.32316912627634e-05
EVI2B,1.26989507139784,1.43375158583923e-05,7.37475658911974e-05
BBOX1,-1.25422950497841,1.46999724850217e-05,7.51611458307628e-05
LY75-CD302,1.15448289974094,1.47690328222503e-05,7.53807955063192e-05
PPIH,1.01136959558905,1.47846650052987e-05,7.54383613697928e-05
PDK4,1.88609761453894,1.50821140970887e-05,7.67076234441895e-05
CAPG,1.28268673315652,1.64047152562406e-05,8.22990463115626e-05
SIGLEC10,1.15516553708867,1.66380615212469e-05,8.33194681052866e-05
AOC3,-1.39891189212953,1.66417751103646e-05,8.33194681052866e-05
GJB1,-1.14959137096762,1.68931075125614e-05,8.43098407193731e-05
EMC2,1.03117780192136,1.77328146311817e-05,8.76173971853766e-05
ENTPD1,1.17541145001311,1.79700591087252e-05,8.84868383733986e-05
SATB1,1.12802388046338,1.82248813184142e-05,8.95455475658534e-05
LIX1,-1.33114363550424,1.83304136033191e-05,8.9929050656374e-05
DAAM1,1.08665353047649,1.93571803230923e-05,9.39555239883874e-05
HCLS1,1.03350021694295,1.94994828394736e-05,9.45403018025738e-05
TLR2,1.19644379526215,1.95267996884769e-05,9.46197944636263e-05
TSPAN5,1.10119899501234,1.96549404608653e-05,9.50652049876651e-05
OAS2,1.11148064579954,1.99214758544184e-05,9.62382656168355e-05
STAB1,1.14431248547803,2.03217352165778e-05,9.7815285509128e-05
PVALB,-1.05541968074557,2.05208415679238e-05,9.86093019104226e-05
THRSP,-1.07215377748419,2.09159714653754e-05,9.99990929991411e-05
IRAK3,1.16608950652352,2.09197086866278e-05,9.99990929991411e-05
LIMCH1,1.01408649688127,2.09773834505274e-05,0.000100219492812445
SLC1A3,1.55001683498304,2.17141672166858e-05,0.000103142294279257
LRCH2,1.25534943485119,2.20007022294244e-05,0.00010430319240259
CALU,1.10360106802622,2.23047861095389e-05,0.000105370047357167
CD248,-1.37481174338396,2.24654320011252e-05,0.000105897988497143
TNFSF13B,1.02256341131072,2.28079909953406e-05,0.000107162925153813
SH3TC2,1.00952500111951,2.29100267376169e-05,0.000107496599867161
ABCA6,1.41099004364611,2.29489742559743e-05,0.000107621535624781
ERBIN,1.19364159160833,2.30927284309332e-05,0.000108207354854302
PADI2,1.49440705837703,2.38628421676786e-05,0.000111085893082437
WDR49,-1.13336230838705,2.4860044126387e-05,0.000114903932947995
ANKRD30B,1.62150039896762,2.55607364309657e-05,0.000117640488944429
BMP6,1.44872644352275,2.57536153043691e-05,0.000118370993632389
CRYZ,1.06791087865845,2.70352308125868e-05,0.00012286034081314
DDIT4,1.00769050239476,2.78943758695906e-05,0.000126070356042845
CTSH,1.06586765686199,2.88613155514662e-05,0.000129293918271925
CNR1,1.76531787944719,2.96708646442167e-05,0.000132236816500768
GPR160,1.0506058898165,3.05649394420675e-05,0.000135351206402286
MATN2,1.16450662105089,3.16084193727658e-05,0.00013936658801305
PRKD1,1.06901955250347,3.17898253546549e-05,0.000139988333861616
NDRG2,1.1316692343007,3.30519792717329e-05,0.000144226818640289
ATP6V1D,1.17476600725983,3.35618016597006e-05,0.000146046936001831
ZFAND6,1.06162891623747,3.42474370985006e-05,0.000148174679161752
PCP4,-1.36011815324981,3.53527208479556e-05,0.000151970217527505
UBXN2B,1.25101156591519,3.55255591544321e-05,0.000152524006201189
SNAI2,-1.07545890020817,3.78304723030348e-05,0.000160197073330153
PLK2,1.49031877329607,4.05106549776392e-05,0.000169230624265317
FAM107A,-1.03110169594757,4.08984597043056e-05,0.000170509908113492
FBXO2,-1.07733251854664,4.09054529101907e-05,0.000170509908113492
PPARG,-1.0021187215798,4.09357527475565e-05,0.000170552952169212
LGI1,-1.24091282994526,4.16940411047267e-05,0.000173006308492027
SCRN3,1.02686155242097,4.3824824401321e-05,0.000180422085347135
RBP4,-1.42662028158211,4.39792944744315e-05,0.000180929063307918
GREM1,-1.2095816680478,4.48509501733722e-05,0.000183903754047372
LRAT,1.54170260943871,4.53552866252649e-05,0.000185620313330796
APCDD1,1.17120165950809,4.59342792321663e-05,0.000187502753954058
NEXN,-1.07116542098535,4.62141434119094e-05,0.000188334590085034
PDLIM1,-1.19632489440015,4.62578853706341e-05,0.000188461797880659
ST8SIA1,-1.44838573631688,4.63533773824584e-05,0.000188724465057152
COL6A3,-1.93304834020508,4.87298432484296e-05,0.00019609631300715
GTF2A2,1.02343876205397,5.09522685840214e-05,0.000203152533369517
OLFML1,-1.40032486555204,5.14645651384988e-05,0.000204788114045877
ALAS2,-1.09107228563531,5.29349165317658e-05,0.000209285802168659
GABRG1,-1.1799229940586,5.63033274806032e-05,0.000219192104826756
GPR37,-1.00632323543176,5.69476110658378e-05,0.000221104235838861
IQGAP2,1.04692820678181,5.83866266301747e-05,0.000225428579823455
CD14,1.39123779674017,5.85453682349809e-05,0.000225840191624165
GPX3,1.50496923088898,5.95141126880686e-05,0.000228762321352895
ADGRG1,1.16254020674634,5.97619301550609e-05,0.000229511242404011
CD200,1.02245135260216,5.99962370177789e-05,0.000230257983398466
SCD,1.39435578139553,6.19425575084237e-05,0.000236210527400081
ECRG4,-1.63325877819892,6.21115960518203e-05,0.000236782639844242
A2M,1.21591866353894,6.33179807990385e-05,0.000239871878287219
ABCA2,1.19151890290825,6.34949167900311e-05,0.000240384513466825
FRMD6,1.02331239556824,6.46129166756382e-05,0.000243605879059064
MYH11,-1.1676935398589,6.69223233767821e-05,0.000250028033521535
NEGR1,1.13758603103778,6.79908180562369e-05,0.000253174440497652
SLIT3,-1.04149713925983,6.86646945905109e-05,0.000255271793148332
TFPI,-1.3801771368219,7.02160697558218e-05,0.000259835276799529
SERPINE2,1.07263901066307,7.11908669181386e-05,0.000262970654861971
GPR183,1.363367708266,7.22227293974572e-05,0.00026580365770031
TENM3,1.0461162023963,7.66513850012208e-05,0.000278451823752863
LRRN1,1.40560878473323,7.73278834166336e-05,0.000280087283412088
CFD,-1.09971358201156,8.36523310423097e-05,0.000298686913723705
GCNT1,1.24076829833308,8.69677571682616e-05,0.000307797650370024
DEPP1,1.16450125106323,8.73002841492486e-05,0.000308561746983908
SPANXB1,-1.3056071863192,8.7653689712842e-05,0.000309466816492283
BHLHE40,1.02061527145259,8.90298931902335e-05,0.000313177017702064
VIT,-1.64806624716499,8.98162400703349e-05,0.000315303040506232
HLA-DQB1,1.5909250757579,9.0371181688882e-05,0.000316791160260911
TNFRSF21,1.40359354540401,9.33833672033867e-05,0.000325321066928083
IGSF6,1.0615161332899,9.45710356227771e-05,0.000328599740379282
GAGE2D,-1.11856776640015,9.6448138568624e-05,0.000333983482237633
PLP1,1.02323626456901,9.64684734926931e-05,0.000333987154581696
PPBP,-1.15470636716885,9.81171709967797e-05,0.000338275833472383
SEMA3D,1.57455477925675,0.00010054093116797,0.000344881287729299
AGT,-1.05318254370393,0.000103771131769075,0.000353965781750894
SKA2,1.01175878308019,0.000105287498266614,0.00035850300058241
ERMN,-1.05093138925675,0.000107435853414331,0.000364457413461929
GALNT5,1.17247335367695,0.000108855694602183,0.000368552457222864
C6orf62,1.00598733241326,0.000110807597812022,0.000373905632317489
FABP3,-1.03399376954587,0.000112116531520281,0.000377307294267515
SLC30A9,1.01721427235081,0.000114572114848831,0.000384153561551963
CHRDL1,1.58236426209561,0.000118425509283057,0.000394878688119121
RCAN2,-1.00896395695451,0.000120917110329865,0.00040131233246426
PBOV1,-1.06849610589437,0.000125882330408393,0.00041397724228639
VCAM1,-1.2306293729175,0.00012790348882453,0.000419676510954642
BCL2A1,-1.06885009895991,0.000129411685398456,0.000423662513618826
AKR1C3,-1.13296532143331,0.000130658146768448,0.000426719337950639
MYOC,-1.16688934831226,0.000132450488100656,0.000430873735151232
CD36,-1.53168019495913,0.000134229438019208,0.000435975201873821
SPANXA1,-1.0167007481781,0.000138238191661971,0.000446568118031066
MT1M,1.13830418293292,0.000143708566134641,0.000460787175337205
SCN2A,1.01809467942175,0.000145180910179214,0.000464578912573486
FPR3,1.19433441665073,0.000154746622601511,0.000488335362673279
LMO3,-1.14655984299614,0.000159245969584687,0.000499984446632261
FOLH1B,-1.26480731204009,0.000166397928031197,0.0005185869239073
EFEMP1,-1.51308780140169,0.000168749851935533,0.000524595879859871
LY96,1.22399121034695,0.000172614582196734,0.000534309660647554
IFI30,1.13378955984117,0.000174972082996167,0.000540201509792927
CCDC3,-1.06932371697995,0.000177888618508757,0.000547310721150523
PRUNE2,1.08960700693832,0.000181943892746048,0.000557905463369939
FAP,-1.21967621919506,0.000197252115888284,0.000594638946435663
RFX4,-1.04647524447802,0.000202757255655785,0.000606905808603116
CHI3L1,-1.30161763861604,0.000208529765301397,0.0006208597548355
SYT10,1.02306048635544,0.000209738437338591,0.000623494191491354
PMP2,1.79896559981265,0.00021752276860406,0.000642988509674692
OMD,-1.4557325088643,0.000229482199632997,0.000671473751307089
ADH1C,-1.43975867750809,0.000230379719067272,0.000673077014331089
LYPD1,1.1038635706916,0.000243375828365268,0.000703572965284179
LY6K,-1.22113111709329,0.000249725272903109,0.000717975697505406
OXTR,1.2847416092845,0.000250753531876627,0.000720453855141469
IL6,-2.18399407823824,0.000257839889054593,0.000736539663293437
THBD,-1.17140799218427,0.000268404390156154,0.00076020125410687
STC1,-1.22187980119121,0.000273877826700563,0.00077229535900201
DCBLD2,1.02599078683115,0.000281007659196196,0.000787785264285986
GATB,1.01803771003316,0.00028214612379465,0.000790390205637007
RBM11,1.34990735675713,0.000288729487941639,0.000805652909348265
ADH1B,-1.84048476855281,0.000289547498156352,0.000807415360163062
GAL3ST1,1.07121361832305,0.000297952394021768,0.000826331479450897
MPZ,1.40720595390594,0.000301051726813677,0.000832528618293551
AQP4,-1.37310504180262,0.000309334067603587,0.000851086173933781
DKK1,1.89806794501465,0.000311120632640536,0.000854644629422194
CPA3,-1.08700275878797,0.000319312069652327,0.000872168906515688
COLEC12,-1.18582055409252,0.000329376555375843,0.000895143812978765
ADAMTS4,-1.34210747508327,0.00033819252715737,0.0009135152159911
CXCL10,1.18255045237548,0.000339684414889564,0.000917116164101959
THSD7A,1.08769263340787,0.000343257774037503,0.000925466113042143
VCAN,-1.26006239918196,0.000356796687676774,0.000955870903534809
NT5E,-1.21480222469776,0.000367451542304816,0.000978977045730929
CT45A5,-1.16200269564765,0.000380169227823838,0.00100645189356416
HBG1,-1.0740816544148,0.000382928659729108,0.00101247051667369
MAOB,1.235303163165,0.000388120819008765,0.00102317930196012
CAV2,-1.09724634348651,0.000392853651625137,0.0010329845334386
OLFML2B,1.26673068490517,0.000393973703298794,0.0010350249741645
CTNNA3,1.27428563834464,0.000396743911472364,0.00104068702664141
PRRG4,1.24251635741403,0.000401826540123454,0.00105210793098507
EBF2,-1.23968883073323,0.000404745435451616,0.00105831128798938
FXYD6,-1.05855136004703,0.000417831898568867,0.00108467282972305
COX7B,1.1593789756623,0.00053243405204319,0.00131988801914226
LPL,1.18150944407402,0.000637566913286499,0.00152530159787774
ETNPPL,-1.08768867281419,0.000664059706732862,0.00157829676769262
CT45A1,-1.0711846138111,0.00068084055746852,0.00161235549812963
GAP43,1.3472670973431,0.000730905672557632,0.00170873360686436
ADGRB3,1.4132545495744,0.000736619694760722,0.0017195400876753
PLAC8,1.23734114689669,0.00079365684707185,0.0018292745206253
TSC22D3,1.11546345222205,0.000817868154387696,0.00187758603328431
PDLIM3,1.0161320137155,0.00082320398169812,0.00188833447112325
CYP1B1,-1.67760558705474,0.000826720644154174,0.00189489620660099
SLA,1.02289717330764,0.000859531548038946,0.00195177075932628
HLA-DRB5,1.19424046845567,0.000938948293996769,0.00210153655881891
TREM1,-1.29963119201002,0.000964773382503686,0.00214796263292096
CFI,1.21464488908173,0.00102768783808377,0.00226331658087386
MMP1,-1.08229883260987,0.00111571757959553,0.00242482807214742
ERAP2,1.51687936772861,0.00126564596646067,0.00268730710780916
BICC1,-1.0987914885798,0.00132884359725059,0.00279185843597033
ERICH3,1.13783796691827,0.00137442827266446,0.00286733603524316
GFRA2,1.18000613968852,0.00140184391476616,0.00291185538008452
SLC2A3,-1.00336374279414,0.00140889481982743,0.00292270195594034
FMO1,-1.00601553662606,0.00144690658546774,0.002988675326378
SERPINA3,1.2245905729044,0.00161852017987956,0.00328327296616168
PTX3,1.21725058131766,0.00194977272800175,0.00382580249471343
THY1,1.14215914847109,0.00230761711672759,0.00442376251782892
ST8SIA6,1.00357826343639,0.00230881841718438,0.00442508633259274
PNP,-1.13986792311796,0.00256515838608998,0.00485145868960567
PRB1,-1.00864099001002,0.0025684017529216,0.00485653269037816
ICAM1,-1.00533074395528,0.00270517296085335,0.00507637395123098
DEFB128,-1.11037741696145,0.00299334075046757,0.00553501318152833
MSTN,1.18294216024518,0.0034132105509356,0.00619245235332553
SAMSN1,1.02584754818042,0.00347603737285458,0.00629325834257905
CLDN1,-1.14048763614032,0.00358328273439243,0.00646400599292101
CNTN1,1.43457613709484,0.00371295829503735,0.00666371220470297
NTN4,1.26536354647263,0.00390867234958824,0.00695588728290695
SSX4B,-1.42973355156284,0.00392666043123119,0.00698502945820492
NEFL,1.06200905176793,0.00461453533525479,0.0080297919551411
PCOLCE,-1.18890332441634,0.005251119396606,0.00900726558150751
IGF2,-1.28724578175867,0.00547294462551074,0.00934428854772392
TNC,-1.08009400417579,0.00588640492425874,0.00994924156530974
UGT8,1.06221361552583,0.00606530298895467,0.0102097892163014
S100A8,-1.20352825050886,0.00720812162554909,0.0118751028263467
OGN,-1.36405040211026,0.00807169515425401,0.0130924210084165
DEFB4A,-1.24790528178026,0.00906591639594452,0.0144920848070965
ITGBL1,-1.02807857866769,0.00943313032356609,0.0150139875307021
PCDHB5,1.02275733346029,0.0100516869146579,0.0158601011525398
LYZ,1.00540781557209,0.0103753696178104,0.016311413966378
PSG7,-1.08519504337779,0.010661479014993,0.0167308556757652
SLC24A2,1.11332422779568,0.0120150088354473,0.0186144169146102
DCN,-1.63654543554665,0.0123820651950015,0.0191260853716336
VAT1L,-1.01971062439244,0.01270076575227,0.0195643051787122
CCL4,1.07316150195683,0.0127504293073832,0.0196303366537838
LGALS16,-1.05312280925212,0.0143450578050952,0.0218255476026596
USP17L25,-1.8006830046515,0.0157387815015282,0.0237123096427544
STATH,-1.05322086693292,0.0179910843160499,0.0267335192895298
CCL4L2,1.0527170279468,0.0183454968643113,0.0272027014945051
UBTFL1,-1.19282605432074,0.0194486041003524,0.0286744031847343
TRIM49B,-1.00218881256283,0.0216415869588599,0.0315475240870803
C7,-1.24978715916114,0.0279562667501486,0.0397592079979132
POSTN,1.14109479486276,0.0327732502984866,0.0459090445571687
MME,-1.17528983307864,0.0342633775430212,0.0477916611177229
